userid,age,dob_day,dob_year,dob_month,gender,tenure,friend_count,friendships_initiated,likes,likes_received,mobile_likes,mobile_likes_received,www_likes,www_likes_received
1391716,33,2,1980,4,male,101,45,40,1,0,1,0,0,0
1619027,34,8,1979,8,female,405,44,33,1,0,1,0,0,0
2159629,40,28,1973,4,male,487,44,40,1,0,1,0,0,0
2088082,53,18,1960,4,male,195,44,25,1,0,1,0,0,0
1880790,59,2,1954,11,male,144,45,34,1,0,1,0,0,0
1731036,63,3,1950,2,female,241,45,40,1,0,1,0,0,0
1960479,68,15,1945,3,female,1806,45,25,1,0,1,0,0,0
1322259,18,12,1995,6,male,172,44,41,1,1,1,1,0,0
1799113,24,12,1989,1,male,444,45,36,1,1,1,0,0,1
1697235,30,26,1983,5,male,511,44,24,1,1,1,1,0,0
1224585,33,11,1980,3,male,325,45,34,1,1,1,1,0,0
1258388,41,26,1972,10,male,523,44,13,1,1,1,1,0,0
1333028,45,2,1968,11,male,752,44,20,1,1,1,1,0,0
1717417,70,10,1943,1,male,140,45,22,1,1,1,1,0,0
1675703,14,1,1999,6,female,84,44,27,1,3,1,3,0,0
1938712,17,30,1996,10,female,395,44,17,1,3,1,1,0,2
1366472,20,15,1993,12,male,496,44,20,1,14,1,13,0,1
1585620,21,14,1992,2,female,483,45,18,1,24,1,21,0,3
1915663,24,21,1989,11,male,45,45,44,1,5,1,5,0,0
1023015,23,8,1990,1,female,268,44,29,1,4,1,4,0,0
1046017,23,17,1990,3,male,918,45,33,1,10,1,10,0,0
1008613,25,10,1988,3,male,495,44,33,1,5,1,5,0,0
1618042,25,2,1988,4,male,40,44,41,1,3,1,3,0,0
1483343,25,20,1988,7,male,82,45,45,1,5,1,0,0,5
2138421,29,21,1984,3,female,157,45,24,1,3,1,2,0,1
2000368,38,30,1975,1,male,284,44,25,1,4,1,3,0,1
1840833,39,20,1974,1,male,684,45,23,1,4,1,4,0,0
1670932,39,6,1974,2,female,229,45,41,1,2,1,2,0,0
1213614,52,4,1961,5,male,796,45,31,1,20,1,8,0,12
1083795,53,18,1960,2,female,411,45,36,1,10,1,4,0,6
2157076,54,3,1959,2,male,1355,44,29,1,10,1,10,0,0
1363939,59,4,1954,1,female,1128,45,16,1,3,1,3,0,0
1730768,62,2,1951,9,female,373,44,43,1,3,1,3,0,0
2178090,62,27,1951,10,male,471,45,32,1,3,1,0,0,3
1017222,64,17,1949,3,female,2265,45,15,1,34,1,20,0,14
2038685,23,28,1990,5,male,332,44,40,2,0,0,0,2,0
1232094,43,28,1970,11,male,60,45,45,2,0,0,0,2,0
1856477,68,15,1945,7,male,950,45,40,2,0,0,0,2,0
1057170,52,28,1961,10,male,195,45,34,2,1,0,0,2,1
1466396,60,7,1953,5,male,594,45,15,2,1,0,0,2,1
1242764,42,9,1971,7,male,501,45,38,2,2,0,2,2,0
1998999,15,6,1998,1,male,16,45,40,2,40,0,6,2,34
2041242,19,3,1994,6,male,290,45,36,2,6,0,5,2,1
1195262,22,5,1991,9,male,255,45,16,2,4,0,1,2,3
1840497,32,5,1981,12,male,189,44,37,2,5,0,1,2,4
2074670,63,15,1950,5,male,81,45,32,2,50,0,7,2,43
1152030,65,3,1948,9,male,271,45,37,2,4,0,2,2,2
2186683,69,29,1944,6,female,1673,45,18,2,30,0,19,2,11
1853756,78,12,1935,12,female,464,45,23,2,3,0,3,2,0
1643473,20,1,1993,1,female,97,44,19,2,7,1,2,1,5
1694672,31,14,1982,3,male,171,44,33,2,4,1,2,1,2
1090267,58,18,1955,5,male,636,45,29,2,5,1,4,1,1
1827564,16,12,1997,3,male,317,45,30,2,0,2,0,0,0
1976129,16,4,1997,3,female,209,45,37,2,0,2,0,0,0
2029336,20,16,1993,1,male,247,44,8,2,0,2,0,0,0
1368605,20,1,1993,5,male,297,44,17,2,0,2,0,0,0
1477020,23,5,1990,1,female,223,44,29,2,0,2,0,0,0
2145860,26,1,1987,1,female,315,45,37,2,0,2,0,0,0
1692283,28,1,1985,1,male,295,45,42,2,0,2,0,0,0
1744882,33,31,1980,5,male,63,45,37,2,0,2,0,0,0
1739473,34,8,1979,10,female,290,45,31,2,0,2,0,0,0
1402348,42,1,1971,12,male,903,45,20,2,0,2,0,0,0
1677149,52,2,1961,2,male,901,45,37,2,0,2,0,0,0
1877808,53,28,1960,8,female,576,44,34,2,0,2,0,0,0
1013307,61,3,1952,8,male,1655,44,12,2,0,2,0,0,0
1727040,71,16,1942,2,male,711,44,9,2,0,2,0,0,0
1518061,83,7,1930,12,male,491,44,39,2,0,2,0,0,0
1752781,18,18,1995,8,male,326,44,19,2,1,2,0,0,1
1071878,20,12,1993,2,male,57,45,40,2,1,2,1,0,0
1911525,22,14,1991,1,female,512,44,23,2,1,2,0,0,1
1045186,26,11,1987,1,female,295,45,10,2,1,2,1,0,0
1800126,36,11,1977,12,male,280,45,26,2,1,2,1,0,0
1480327,41,16,1972,6,male,685,44,16,2,1,2,1,0,0
1559363,28,21,1985,7,male,392,44,26,2,2,2,1,0,1
1918740,18,1,1995,1,female,153,44,23,2,4,2,4,0,0
1325896,18,2,1995,4,male,131,44,31,2,5,2,4,0,1
1890886,18,1,1995,4,male,178,44,37,2,4,2,2,0,2
1143666,19,19,1994,8,female,459,45,32,2,5,2,2,0,3
1444684,24,4,1989,1,male,968,45,30,2,16,2,13,0,3
1945526,28,18,1985,7,male,471,44,13,2,7,2,4,0,3
1031472,40,11,1973,2,male,344,44,30,2,8,2,7,0,1
1516608,51,16,1962,4,male,395,44,28,2,3,2,3,0,0
1563853,52,6,1961,1,female,513,44,26,2,10,2,3,0,7
1973540,63,1,1950,4,male,1292,44,10,2,44,2,41,0,3
1681248,64,8,1949,2,male,1350,44,21,2,9,2,8,0,1
1955451,69,18,1944,8,male,1209,45,18,2,3,2,0,0,3
1286955,81,20,1932,4,male,1920,44,9,2,5,2,1,0,4
1391871,48,9,1965,2,male,265,44,30,3,0,0,0,3,0
1961020,23,5,1990,9,male,258,44,4,3,4,0,1,3,3
1781618,54,6,1959,12,male,629,44,36,3,2,0,0,3,2
1028203,54,14,1959,9,male,1603,44,8,3,3,0,3,3,0
1264089,62,7,1951,9,male,1304,45,27,3,3,0,2,3,1
1863293,70,15,1943,12,male,610,44,27,3,4,0,4,3,0
1232953,48,1,1965,10,male,493,45,11,3,5,0,3,3,2
1150166,49,26,1964,10,female,37,45,34,3,17,0,3,3,14
1143056,71,4,1942,8,female,1149,45,29,3,41,0,29,3,12
2067086,77,20,1936,8,female,1426,44,21,3,36,0,26,3,10
1303695,40,10,1973,6,female,247,45,25,3,0,1,0,2,0
1463689,71,13,1942,9,male,1862,45,7,3,0,1,0,2,0
1525022,30,8,1983,4,male,753,45,29,3,1,1,0,2,1
2033841,51,25,1962,2,female,554,44,16,3,4,1,3,2,1
1659748,75,14,1938,3,male,1040,44,25,3,2,1,1,2,1
1254165,53,25,1960,4,male,215,44,15,3,15,1,7,2,8
1416781,65,17,1948,3,male,1522,44,22,3,5,2,1,1,4
1013450,18,1,1995,3,male,340,45,41,3,0,3,0,0,0
1737378,20,16,1993,8,male,722,44,34,3,0,3,0,0,0
1780765,24,4,1989,9,male,432,44,37,3,0,3,0,0,0
1253763,36,27,1977,12,female,342,45,44,3,0,3,0,0,0
1695564,46,27,1967,4,female,555,44,35,3,0,3,0,0,0
2158249,106,1,1907,12,male,297,44,36,3,0,3,0,0,0
2103590,17,1,1996,1,male,192,44,21,3,1,3,1,0,0
1413551,23,5,1990,5,male,88,44,41,3,1,3,1,0,0
2023995,23,9,1990,9,male,146,45,24,3,1,3,1,0,0
2088046,28,7,1985,9,male,268,44,18,3,1,3,1,0,0
1420721,35,3,1978,6,male,55,44,31,3,1,3,0,0,1
1443444,37,2,1976,3,male,712,45,35,3,1,3,1,0,0
1421906,48,25,1965,5,female,599,45,30,3,1,3,0,0,1
1567934,52,23,1961,6,male,1244,45,20,3,1,3,1,0,0
1066613,14,30,1999,3,male,250,45,37,3,3,3,2,0,1
1070902,19,12,1994,7,male,21,45,39,3,3,3,3,0,0
1861471,19,5,1994,10,male,12,44,42,3,2,3,2,0,0
1748361,25,14,1988,10,male,450,45,3,3,2,3,2,0,0
1449161,31,15,1982,10,male,16,44,44,3,2,3,0,0,2
1923692,94,10,1919,4,male,1880,45,21,3,3,3,2,0,1
1651437,22,5,1991,8,female,11,44,13,3,28,3,17,0,11
1796222,25,1,1988,1,female,193,45,23,3,5,3,5,0,0
1791931,25,1,1988,1,female,13,44,38,3,6,3,6,0,0
1280539,26,9,1987,4,male,338,45,27,3,21,3,18,0,3
1753794,27,28,1986,2,male,265,45,24,3,5,3,5,0,0
1373343,32,26,1981,7,female,416,44,14,3,15,3,14,0,1
2161409,52,25,1961,8,male,347,45,32,3,17,3,15,0,2
2073956,19,31,1994,1,male,436,45,42,4,1,0,1,4,0
1258667,22,1,1991,3,male,232,44,37,4,5,0,3,4,2
1910877,58,26,1955,1,male,720,44,31,4,5,0,3,4,2
1416163,53,28,1960,10,male,573,44,31,4,8,0,2,4,6
1640095,59,24,1954,9,male,149,44,20,4,62,0,34,4,28
1017756,67,10,1946,10,female,756,44,31,4,46,0,21,4,25
1996339,62,20,1951,7,male,1044,44,34,4,6,2,1,2,5
1998587,65,28,1948,10,female,337,44,24,4,36,1,11,3,25
1920705,27,26,1986,3,male,410,44,24,4,4,3,2,1,2
1173887,39,12,1974,2,female,116,45,24,4,29,3,21,1,8
1879201,57,9,1956,5,female,1690,45,16,4,10,3,4,1,6
1883818,20,14,1993,3,male,896,45,33,4,0,4,0,0,0
1921737,22,20,1991,11,female,312,45,35,4,0,4,0,0,0
2011253,24,1,1989,1,male,295,44,43,4,0,4,0,0,0
1898846,49,2,1964,2,female,482,45,41,4,0,4,0,0,0
1131278,54,22,1959,10,male,144,44,43,4,0,4,0,0,0
1942471,69,20,1944,5,female,1434,45,31,4,0,4,0,0,0
1049385,23,5,1990,5,male,710,44,28,4,1,4,1,0,0
1974353,24,1,1989,5,male,233,44,16,4,1,4,1,0,0
1793139,41,8,1972,9,female,400,44,27,4,2,4,1,0,1
1580950,45,19,1968,4,female,487,44,17,4,1,4,0,0,1
2172045,59,10,1954,1,male,342,45,30,4,1,4,1,0,0
1010415,67,6,1946,12,female,170,44,33,4,2,4,1,0,1
1054768,14,7,1999,11,male,70,44,22,4,4,4,3,0,1
1329834,19,19,1994,11,female,278,45,11,4,3,4,3,0,0
2182478,20,1,1993,1,male,191,44,23,4,4,4,4,0,0
1610963,23,1,1990,1,female,190,45,38,4,4,4,4,0,0
1603904,25,1,1988,1,male,155,45,38,4,3,4,3,0,0
1252982,28,3,1985,6,male,457,44,15,4,4,4,1,0,3
1140670,29,28,1984,9,male,740,44,24,4,3,4,3,0,0
1823878,33,9,1980,11,male,5,45,40,4,5,4,5,0,0
1571295,53,5,1960,10,male,1364,44,26,4,4,4,2,0,2
2163140,18,23,1995,10,male,105,45,28,4,9,4,7,0,2
1016781,24,19,1989,5,male,409,45,17,4,8,4,7,0,1
1613547,27,10,1986,4,female,593,45,19,4,72,4,34,0,38
2127229,32,10,1981,4,male,230,45,39,4,38,4,36,0,2
2102659,32,1,1981,7,male,665,45,14,4,16,4,16,0,0
1976439,38,17,1975,1,male,442,44,22,4,9,4,5,0,4
2011406,51,29,1962,4,male,331,44,27,4,11,4,9,0,2
1825422,70,28,1943,4,female,1385,45,18,4,7,4,5,0,2
1609044,14,8,1999,12,male,495,45,24,5,0,0,0,5,0
1788693,18,12,1995,1,male,343,45,28,5,0,0,0,5,0
2161126,20,6,1993,7,male,740,44,14,5,0,0,0,5,0
1749537,49,26,1964,3,female,426,44,6,5,2,0,1,5,1
1686473,17,31,1996,8,female,198,44,34,5,1,1,1,4,0
1948264,41,23,1972,3,male,775,45,25,5,7,1,4,4,3
1970547,49,10,1964,10,male,992,44,22,5,4,3,1,2,3
1363705,23,17,1990,1,female,510,44,17,5,9,1,3,4,6
1050791,19,31,1994,8,male,300,44,18,5,0,4,0,1,0
1306420,56,23,1957,6,female,1348,44,20,5,47,4,24,1,23
1335281,18,9,1995,10,male,349,44,28,5,0,5,0,0,0
1041996,19,28,1994,2,male,60,44,36,5,0,5,0,0,0
1884438,14,1,1999,1,male,45,44,26,5,1,5,1,0,0
1244311,20,10,1993,11,male,640,45,9,5,1,5,1,0,0
1652947,27,4,1986,10,male,145,45,19,5,1,5,0,0,1
1728054,44,7,1969,1,male,1330,44,12,5,1,5,0,0,1
2160015,48,28,1965,5,male,61,45,25,5,1,5,1,0,0
1047891,100,1,1913,1,male,694,45,28,5,1,5,1,0,0
1770857,20,13,1993,10,male,340,44,34,5,5,5,5,0,0
2156788,25,24,1988,4,female,1116,45,42,5,4,5,2,0,2
1369587,26,3,1987,1,male,400,45,24,5,5,5,5,0,0
1382684,101,11,1912,7,male,154,44,36,5,5,5,4,0,1
1778168,18,19,1995,10,male,136,45,36,5,32,5,13,0,19
1207193,22,20,1991,9,male,331,45,22,5,11,5,7,0,4
2123720,25,8,1988,11,male,480,44,17,5,100,5,18,0,82
1989730,44,9,1969,2,female,283,45,24,5,34,5,33,0,1
1670858,52,14,1961,12,male,411,44,17,5,12,5,8,0,4
1490208,64,13,1949,4,female,846,45,36,5,9,5,9,0,0
1979240,108,9,1905,9,female,1197,45,27,6,0,0,0,6,0
1549369,23,2,1990,2,female,429,44,27,6,2,0,0,6,2
1891050,27,19,1986,1,male,385,44,38,6,7,1,3,5,4
1219474,57,18,1956,5,male,967,45,26,6,25,0,8,6,17
1366211,64,23,1949,12,male,65,45,26,6,9,0,4,6,5
1597996,63,1,1950,1,male,245,44,42,6,36,0,33,6,3
1052760,17,11,1996,9,male,163,44,41,6,0,6,0,0,0
1820522,20,5,1993,2,male,359,44,2,6,0,6,0,0,0
1707683,25,1,1988,1,male,352,45,25,6,0,6,0,0,0
1730670,41,9,1972,7,male,635,45,11,6,0,6,0,0,0
1476108,68,20,1945,8,male,488,44,17,6,0,6,0,0,0
1308243,69,1,1944,3,male,977,45,35,6,0,6,0,0,0
1277207,19,29,1994,5,male,163,44,39,6,8,6,2,0,6
1084771,25,22,1988,12,male,349,45,33,6,5,6,5,0,0
1518411,74,23,1939,7,female,224,44,37,6,6,6,6,0,0
1416895,25,28,1988,4,male,21,45,41,6,10,6,7,0,3
2159556,29,12,1984,12,male,290,44,31,6,13,6,2,0,11
1282949,48,13,1965,8,male,422,44,19,6,24,6,20,0,4
1571167,57,24,1956,8,female,285,45,26,6,13,6,12,0,1
2171609,22,1,1991,10,female,357,44,32,7,1,0,0,7,1
1571348,59,15,1954,2,female,1523,44,7,7,4,0,3,7,1
1091709,56,22,1957,2,male,768,45,28,7,8,0,8,7,0
1755714,59,3,1954,12,male,414,45,39,7,6,0,5,7,1
1132541,37,2,1976,6,male,750,44,30,7,19,0,6,7,13
1297999,63,16,1950,7,female,285,45,26,7,0,3,0,4,0
1521027,32,29,1981,8,female,971,45,32,7,13,4,7,3,6
1550767,50,22,1963,8,male,542,45,22,7,4,6,1,1,3
2158181,15,6,1998,11,male,300,45,27,7,0,7,0,0,0
1313685,22,15,1991,9,male,272,45,42,7,0,7,0,0,0
1128619,26,20,1987,12,male,565,45,29,7,0,7,0,0,0
1188578,29,1,1984,12,male,223,44,13,7,0,7,0,0,0
1924631,28,2,1985,1,male,190,45,31,7,0,7,0,0,0
2128821,36,12,1977,11,female,203,45,28,7,0,7,0,0,0
1676468,26,3,1987,3,male,24,45,31,7,2,7,2,0,0
2054224,13,12,2000,6,female,15,44,25,7,10,7,5,0,5
1270836,23,9,1990,4,male,288,44,40,7,5,7,4,0,1
1569957,30,11,1983,10,female,402,45,21,7,5,7,3,0,2
1102091,21,17,1992,6,female,257,45,17,7,13,7,11,0,2
1426875,40,8,1973,10,male,27,45,37,7,14,7,12,0,2
1542187,45,17,1968,5,female,545,44,32,7,18,7,9,0,9
1955926,64,16,1949,12,female,1704,44,19,7,15,7,8,0,7
1577248,44,25,1969,7,male,339,45,34,8,1,0,0,8,1
2031607,66,6,1947,3,female,1177,45,15,8,1,0,0,8,1
1608821,65,17,1948,3,male,477,44,3,8,36,0,30,8,6
2141031,58,3,1955,4,female,1707,45,28,8,2,2,2,6,0
2143930,23,28,1990,2,female,186,44,30,8,18,5,0,3,18
1519441,56,16,1957,10,male,11,45,40,8,1,7,0,1,1
1677977,14,13,1999,7,male,582,44,38,8,4,6,1,2,3
1079937,65,12,1948,5,female,470,45,17,8,1,8,0,0,1
1164870,16,2,1997,4,male,350,44,35,8,2,8,0,0,2
2054657,30,1,1983,1,male,357,45,42,8,2,8,2,0,0
1112482,63,27,1950,10,male,135,44,31,8,4,8,4,0,0
2151215,73,15,1940,9,female,1165,45,22,8,6,8,4,0,2
1240898,36,3,1977,12,male,392,44,41,9,0,0,0,9,0
1324430,17,12,1996,7,male,412,45,17,9,4,0,2,9,2
1681998,39,22,1974,1,male,224,44,21,9,2,0,0,9,2
1126060,60,5,1953,11,female,544,45,26,9,27,0,9,9,18
1209144,26,28,1987,4,male,470,44,16,9,11,6,9,3,2
1228909,63,20,1950,1,female,250,45,23,9,6,4,6,5,0
1276837,70,10,1943,4,male,1935,45,24,9,88,6,55,3,33
1653357,17,4,1996,11,male,198,45,15,9,1,8,0,1,1
1523657,23,24,1990,4,male,305,45,31,9,0,9,0,0,0
1718233,29,10,1984,2,male,152,45,38,9,1,9,1,0,0
1174843,53,7,1960,3,female,209,44,20,9,0,9,0,0,0
1863783,100,1,1913,12,male,176,45,43,9,0,9,0,0,0
1392875,45,9,1968,7,female,140,45,32,9,4,9,4,0,0
2108256,57,17,1956,11,male,1700,45,29,9,2,9,1,0,1
2116183,93,12,1920,9,female,809,44,20,9,2,9,2,0,0
2022228,17,1,1996,8,male,345,44,20,9,9,9,6,0,3
1536283,18,23,1995,3,female,154,45,22,9,10,9,10,0,0
1056606,40,10,1973,10,male,237,45,16,9,11,9,11,0,0
1014845,52,23,1961,10,female,549,44,17,9,7,9,5,0,2
2187211,65,12,1948,2,male,275,44,17,9,57,9,16,0,41
2057576,68,25,1945,11,female,1023,44,11,9,26,9,9,0,17
1744370,55,10,1958,5,male,1123,45,26,10,1,0,0,10,1
1992721,63,22,1950,6,female,1432,45,14,10,1,0,0,10,1
1890422,74,24,1939,9,male,729,45,33,10,0,0,0,10,0
2176880,37,3,1976,11,male,501,44,30,10,3,0,1,10,2
1969545,61,15,1952,10,male,1826,44,15,10,7,1,6,9,1
2179984,63,2,1950,6,female,312,45,25,10,18,0,8,10,10
1879025,23,16,1990,3,male,606,44,33,10,0,10,0,0,0
1669260,23,30,1990,4,male,352,44,33,10,0,10,0,0,0
1231855,17,2,1996,11,female,384,44,24,10,3,10,2,0,1
2041253,46,24,1967,9,female,57,45,36,10,5,10,3,0,2
2027342,57,8,1956,5,female,140,44,30,10,7,10,6,0,1
1631905,24,11,1989,10,male,243,44,22,10,16,10,13,0,3
1465102,33,20,1980,8,male,178,45,32,10,33,10,28,0,5
1867062,45,15,1968,3,male,72,45,33,10,18,10,6,0,12
1338658,68,3,1945,12,female,1550,45,15,10,32,10,29,0,3
2028168,19,19,1994,7,male,503,45,21,11,1,0,0,11,1
1764837,41,28,1972,3,male,313,44,34,11,0,2,0,9,0
1475982,62,7,1951,7,male,465,45,26,11,10,0,5,11,5
1288995,70,7,1943,11,female,214,44,37,11,13,1,12,10,1
1844580,51,30,1962,1,female,550,45,17,11,24,5,11,6,13
1865505,31,2,1982,2,male,139,45,35,11,1,11,1,0,0
1254415,33,1,1980,11,male,208,45,39,11,0,11,0,0,0
1755229,108,25,1905,2,female,90,45,37,11,4,11,3,0,1
1801548,19,14,1994,8,female,88,45,33,11,8,11,6,0,2
1229433,33,6,1980,11,male,244,44,27,11,7,11,3,0,4
1380712,49,24,1964,10,female,423,45,31,11,26,11,16,0,10
1584312,25,28,1988,4,male,185,44,40,12,3,0,1,12,2
1840572,50,6,1963,3,female,929,44,29,12,4,0,4,12,0
2145627,18,1,1995,11,male,9,44,31,12,29,7,19,5,10
1309606,28,17,1985,2,male,261,45,33,12,2,11,1,1,1
1119644,64,22,1949,11,male,467,45,37,12,5,9,5,3,0
1956595,19,18,1994,8,male,855,44,32,12,1,12,0,0,1
1606517,25,27,1988,11,male,103,45,33,12,0,12,0,0,0
1248235,46,2,1967,9,male,455,44,26,12,0,12,0,0,0
1353186,18,22,1995,10,male,210,44,12,12,2,12,1,0,1
2142529,51,6,1962,1,male,1256,45,13,12,6,12,3,0,3
1639797,28,10,1985,6,female,348,45,34,12,22,12,12,0,10
1940245,53,8,1960,7,male,544,45,28,12,45,12,21,0,24
1274362,61,21,1952,5,male,688,44,23,12,61,12,34,0,27
2124869,19,2,1994,3,male,199,44,25,13,6,0,1,13,5
1100316,53,22,1960,11,male,471,44,38,13,7,1,2,12,5
1253023,76,26,1937,11,female,1268,44,25,13,5,0,4,13,1
1414943,20,12,1993,12,male,182,45,15,13,8,0,0,13,8
1369275,61,21,1952,9,female,906,44,30,13,15,0,10,13,5
1743839,108,15,1905,12,male,88,45,28,13,20,2,9,11,11
1091713,31,23,1982,3,female,360,44,42,13,4,7,4,6,0
1563175,14,10,1999,5,male,250,44,34,13,78,3,7,10,71
2039556,50,2,1963,9,male,393,45,33,13,0,11,0,2,0
1086254,52,9,1961,3,male,560,45,13,13,3,13,2,0,1
2178059,26,6,1987,6,female,334,45,22,13,18,13,16,0,2
1663483,33,24,1980,1,male,32,44,40,13,16,13,15,0,1
2046121,63,25,1950,8,female,1759,44,15,13,38,13,19,0,19
1834428,30,26,1983,5,male,593,45,25,14,5,0,0,14,5
1458250,37,14,1976,7,female,299,44,22,14,6,0,1,14,5
1332792,13,21,2000,6,male,60,44,36,14,12,0,1,14,11
1185526,113,18,1900,10,male,2370,45,20,14,28,1,20,13,8
1829275,23,11,1990,11,female,363,45,23,14,16,7,11,7,5
1233529,72,1,1941,4,female,1426,44,14,14,28,11,22,3,6
1591719,36,21,1977,10,male,958,45,24,14,2,14,2,0,0
1654185,43,13,1970,3,male,66,44,33,14,2,14,0,0,2
1000881,14,31,1999,10,male,163,44,23,14,3,14,1,0,2
1777451,68,27,1945,1,male,1218,45,25,14,6,14,6,0,0
2063696,22,15,1991,5,female,116,44,17,14,16,14,13,0,3
1157760,24,23,1989,3,male,389,45,17,14,71,14,67,0,4
1659046,30,25,1983,4,male,131,44,23,14,21,14,11,0,10
2111585,44,15,1969,1,male,129,45,14,14,62,14,28,0,34
1914905,44,23,1969,4,male,62,45,37,14,26,14,8,0,18
1180682,15,25,1998,7,male,133,44,37,15,2,5,2,10,0
1799990,58,6,1955,9,male,780,44,28,15,17,9,10,6,7
1359107,46,14,1967,11,female,276,45,42,15,2,15,2,0,0
1753432,99,14,1914,2,male,217,45,35,15,1,15,1,0,0
1897246,38,15,1975,6,female,76,44,37,15,59,15,49,0,10
1519478,53,3,1960,4,male,149,44,35,16,2,3,2,13,0
1181083,61,3,1952,4,male,174,44,42,16,3,0,1,16,2
1606885,18,1,1995,1,male,141,44,42,16,26,0,13,16,13
1410646,57,29,1956,4,male,440,45,12,16,18,6,13,10,5
1128432,26,3,1987,1,male,260,44,22,16,2,16,1,0,1
1724864,31,26,1982,1,male,291,45,38,16,1,16,0,0,1
1936177,74,7,1939,3,female,147,45,33,16,0,16,0,0,0
1953217,17,20,1996,9,female,294,44,18,16,5,16,3,0,2
1689207,25,26,1988,10,male,297,44,33,16,7,16,1,0,6
1053443,35,14,1978,12,female,53,45,26,16,9,16,9,0,0
1277969,31,4,1982,8,male,64,45,36,16,114,16,91,0,23
1088205,18,1,1995,2,male,605,45,38,17,0,0,0,17,0
1403025,45,21,1968,10,male,1362,44,9,17,10,12,4,5,6
1260088,19,1,1994,1,male,452,45,21,17,12,16,9,1,3
1597429,56,2,1957,6,male,1935,45,14,17,25,16,16,1,9
1381436,20,19,1993,1,male,34,44,27,17,0,17,0,0,0
2168730,22,30,1991,11,male,380,45,18,17,0,17,0,0,0
1219060,52,12,1961,9,male,166,45,15,17,6,17,4,0,2
1985475,56,4,1957,11,female,377,45,19,17,3,17,2,0,1
1277020,61,4,1952,11,male,112,44,30,17,4,17,4,0,0
1001827,65,3,1948,2,female,281,45,32,17,4,17,4,0,0
1468408,24,2,1989,1,female,135,44,36,17,61,17,29,0,32
2045638,27,3,1986,8,female,113,44,33,17,115,17,104,0,11
1116757,53,5,1960,3,male,308,44,40,18,2,0,0,18,2
1475618,56,12,1957,2,male,1498,44,30,18,2,12,2,6,0
2112014,45,28,1968,6,male,626,44,22,18,12,10,9,8,3
1287784,57,31,1956,10,female,1200,45,31,18,21,15,13,3,8
1791027,30,20,1983,9,male,244,44,18,18,27,18,22,0,5
1614290,69,19,1944,12,female,1396,45,25,19,0,0,0,19,0
1201532,28,10,1985,2,male,276,44,30,19,5,0,1,19,4
1019176,43,17,1970,6,female,121,44,30,19,20,0,4,19,16
1496167,30,31,1983,8,female,554,45,14,19,11,13,5,6,6
1727243,25,6,1988,2,male,652,44,29,19,0,15,0,4,0
1919376,20,28,1993,1,female,229,45,36,19,74,17,27,2,47
1394810,18,23,1995,3,male,408,44,23,19,2,19,2,0,0
1437070,27,2,1986,12,female,638,45,19,19,11,19,1,0,10
1757244,26,27,1987,7,male,328,45,36,19,12,19,10,0,2
1126294,29,22,1984,6,male,257,44,19,19,12,19,8,0,4
1227920,50,18,1963,10,female,159,44,36,19,38,19,30,0,8
1384502,73,16,1940,12,male,1147,45,34,20,3,0,1,20,2
1700773,76,22,1937,7,male,595,45,35,20,3,0,1,20,2
1865289,22,24,1991,2,male,400,45,39,20,10,1,0,19,10
1965013,24,3,1989,3,female,544,45,32,20,11,0,1,20,10
1191086,50,27,1963,12,female,530,45,26,20,63,1,34,19,29
2030819,61,22,1952,5,female,1755,44,23,20,37,0,21,20,16
1636310,14,19,1999,7,male,138,45,25,20,1,20,1,0,0
2136732,25,1,1988,1,male,233,45,31,20,1,20,1,0,0
1856010,25,4,1988,4,male,127,45,25,20,0,20,0,0,0
1335352,32,2,1981,4,male,317,45,42,20,2,20,2,0,0
1386050,30,6,1983,9,male,283,45,39,20,30,20,18,0,12
1800239,50,17,1963,12,male,247,45,21,21,5,0,0,21,5
1698841,73,3,1940,4,male,1734,44,18,21,7,0,4,21,3
1389589,103,21,1910,3,male,801,44,14,21,0,16,0,5,0
1506620,51,17,1962,3,male,243,45,36,21,8,21,5,0,3
1780511,44,10,1969,10,female,238,44,21,21,30,21,28,0,2
1534551,51,27,1962,10,female,251,45,22,21,79,21,69,0,10
1765598,21,14,1992,5,male,997,45,38,22,2,4,2,18,0
1161179,25,20,1988,3,male,355,44,31,22,12,0,5,22,7
2179084,28,5,1985,2,male,148,45,44,22,1,22,1,0,0
1941829,35,12,1978,9,male,294,45,33,22,3,22,3,0,0
1548221,103,27,1910,7,female,347,44,33,22,14,22,13,0,1
1526074,54,14,1959,11,female,758,45,33,22,42,22,27,0,15
1796941,60,7,1953,5,female,294,45,26,23,7,0,4,23,3
1607061,29,4,1984,5,male,50,45,41,23,79,20,35,3,44
2090439,34,26,1979,4,male,921,45,26,23,70,22,56,1,14
1107877,98,24,1915,4,male,380,45,38,23,0,23,0,0,0
2137700,28,1,1985,3,female,461,45,9,23,18,23,18,0,0
1703789,66,5,1947,11,female,289,44,13,24,11,0,8,24,3
2159392,33,11,1980,10,female,564,45,32,24,23,11,17,13,6
1755033,23,14,1990,11,male,232,45,25,24,2,24,2,0,0
1892779,35,9,1978,1,male,462,45,41,24,2,24,2,0,0
1615608,22,20,1991,11,male,325,45,18,24,43,24,28,0,15
1876196,25,6,1988,5,female,341,45,29,24,51,24,45,0,6
1266141,44,30,1969,3,male,120,45,31,24,75,24,64,0,11
1016402,52,15,1961,12,female,1273,45,34,25,4,0,3,25,1
1136472,21,15,1992,10,male,334,45,23,25,8,0,3,25,5
1008303,57,25,1956,10,female,1006,44,29,25,18,0,9,25,9
1903674,40,5,1973,6,female,611,45,11,25,8,23,3,2,5
1268840,38,10,1975,2,male,761,44,38,25,4,25,4,0,0
1169397,22,25,1991,2,male,395,44,32,25,6,25,5,0,1
1482562,103,23,1910,7,male,422,45,34,25,7,25,5,0,2
1091623,43,27,1970,11,female,102,45,29,25,21,25,17,0,4
1928969,26,15,1987,10,female,149,45,14,25,52,25,24,0,28
1769882,17,8,1996,3,female,495,45,33,26,0,0,0,26,0
1938797,57,21,1956,2,male,686,45,30,26,12,0,2,26,10
1727398,18,19,1995,12,male,9,44,39,26,15,26,10,0,5
1967580,42,1,1971,1,male,13,44,36,26,5,26,4,0,1
1352399,28,16,1985,3,female,191,45,24,26,51,26,4,0,47
1270371,33,24,1980,1,female,238,44,22,27,5,0,3,27,2
1081133,41,16,1972,8,male,387,44,10,27,3,6,3,21,0
1411963,24,17,1989,11,male,280,44,31,27,7,14,6,13,1
2042846,59,11,1954,11,female,2259,44,18,28,31,2,16,26,15
1676951,29,24,1984,5,female,664,44,26,28,53,25,30,3,23
2116972,18,6,1995,5,male,48,44,39,28,3,28,0,0,3
1379025,50,18,1963,11,female,317,45,33,28,4,28,3,0,1
1528952,18,15,1995,6,male,43,45,37,28,5,28,1,0,4
1313254,23,2,1990,2,female,58,45,38,28,6,28,0,0,6
1498302,38,16,1975,8,male,435,45,35,28,23,28,1,0,22
1089760,53,24,1960,7,female,142,44,32,29,68,18,49,11,19
1753938,38,29,1975,7,male,582,44,13,29,2,29,2,0,0
1231000,62,25,1951,1,female,1189,44,30,29,2,29,2,0,0
1013775,55,1,1958,3,male,1362,45,30,29,6,29,5,0,1
1722608,42,17,1971,3,female,395,45,23,31,3,0,2,31,1
1373334,54,6,1959,8,male,52,44,42,30,1,0,0,30,1
1925792,13,6,2000,1,male,233,45,25,30,2,17,1,13,1
1670133,21,23,1992,6,male,73,45,41,31,0,28,0,3,0
1918692,108,25,1905,1,female,2055,44,23,30,28,29,27,1,1
1071853,51,21,1962,3,female,1156,45,23,30,3,30,2,0,1
1848471,37,18,1976,8,male,546,45,32,30,8,30,7,0,1
1037520,23,14,1990,11,female,121,44,34,32,30,21,7,11,23
1160108,62,6,1951,1,female,663,44,31,32,5,29,5,3,0
1140849,23,9,1990,4,male,160,45,38,32,1,32,1,0,0
1539941,24,12,1989,9,male,119,45,39,32,1,32,1,0,0
1635166,18,3,1995,12,male,55,45,37,32,30,32,25,0,5
1835794,14,4,1999,5,female,271,45,31,33,17,0,12,33,5
1338949,53,1,1960,9,male,29,45,28,33,10,33,9,0,1
1003680,29,1,1984,1,male,406,44,32,34,1,0,1,34,0
2160580,76,3,1937,9,female,708,45,17,34,1,0,1,34,0
2090467,39,24,1974,8,female,420,44,21,34,13,0,6,34,7
1167102,69,11,1944,5,female,218,45,18,34,63,0,50,34,13
1799897,70,5,1943,4,male,217,44,27,34,51,0,14,34,37
1920402,58,15,1955,8,female,910,45,19,34,13,20,5,14,8
1983124,61,12,1952,3,female,1434,45,15,34,16,32,13,2,3
1351415,27,15,1986,1,male,141,44,23,34,102,34,38,0,64
1992259,35,4,1978,11,female,284,44,34,35,1,0,0,35,1
1676273,55,22,1958,3,male,1764,45,41,35,3,0,1,35,2
2160351,58,6,1955,1,male,279,45,27,35,1,0,0,35,1
2073320,19,30,1994,6,male,378,45,32,35,14,0,6,35,8
2021508,52,8,1961,4,female,297,45,33,35,17,0,12,35,5
1316568,97,24,1916,12,female,892,44,13,36,15,0,1,36,14
2009428,34,5,1979,7,male,103,44,34,36,13,36,13,0,0
1348336,31,19,1982,10,female,297,44,34,36,53,36,50,0,3
1589650,49,8,1964,10,female,583,45,22,37,41,0,12,37,29
1203695,46,12,1967,9,female,299,44,25,37,73,37,9,0,64
1551969,25,6,1988,10,male,310,44,41,39,6,0,3,39,3
1029751,80,3,1933,3,female,154,45,34,38,6,0,0,38,6
1816175,40,2,1973,4,female,302,45,40,39,18,0,16,39,2
1411246,82,24,1931,2,male,576,45,26,38,7,0,6,38,1
1284674,41,2,1972,2,male,647,45,20,38,37,10,23,28,14
1171372,16,7,1997,2,male,182,45,37,38,8,36,5,2,3
1700510,55,8,1958,1,female,163,44,33,39,13,39,7,0,6
1788013,61,2,1952,6,female,2145,45,23,39,21,39,10,0,11
1991646,17,8,1996,2,female,47,44,4,38,26,38,11,0,15
1854550,35,28,1978,10,female,574,45,16,38,71,38,51,0,20
1003658,15,19,1998,10,male,80,45,34,40,6,0,2,40,4
1315836,17,17,1996,10,male,230,44,37,40,0,0,0,40,0
1388857,18,1,1995,1,male,240,45,25,40,2,0,1,40,1
1352247,63,11,1950,7,male,1111,45,21,40,88,22,49,18,39
1494514,49,10,1964,11,female,392,45,43,40,35,35,29,5,6
1030709,19,5,1994,8,male,216,45,32,40,13,40,13,0,0
1303722,23,29,1990,1,male,175,45,35,41,1,41,1,0,0
1100950,26,29,1987,7,male,223,45,21,41,2,41,1,0,1
2094475,29,2,1984,10,male,487,44,36,42,21,42,17,0,4
1668024,61,3,1952,8,female,610,45,31,42,15,42,13,0,2
1548635,30,13,1983,10,male,261,45,23,41,29,41,23,0,6
1879215,48,30,1965,8,female,575,44,20,41,27,41,8,0,19
1760966,27,1,1986,4,male,584,44,15,43,7,43,7,0,0
1769516,29,26,1984,3,male,374,44,37,44,2,44,2,0,0
1139404,51,20,1962,7,female,68,44,43,44,4,44,4,0,0
1272207,73,27,1940,5,female,1518,45,28,43,0,43,0,0,0
1004437,20,2,1993,6,male,79,45,26,44,26,44,18,0,8
1236209,42,27,1971,10,male,150,44,40,44,14,44,14,0,0
1518245,34,17,1979,1,female,614,44,20,43,71,43,18,0,53
2007646,19,8,1994,1,female,303,45,29,45,12,21,6,24,6
1481139,16,27,1997,11,female,571,44,26,45,167,19,34,26,133
1201812,77,27,1936,9,male,1582,45,25,45,1,44,1,1,0
1114451,20,10,1993,12,male,507,44,23,45,44,39,38,6,6
1608462,51,1,1962,10,male,794,45,16,45,2,45,1,0,1
1978050,44,31,1969,1,male,610,44,10,46,0,46,0,0,0
1516605,30,14,1983,12,female,217,44,13,47,9,47,8,0,1
1166332,44,3,1969,10,male,98,45,37,48,10,0,3,48,7
1948776,63,11,1950,11,female,547,45,15,48,12,3,6,45,6
2170973,24,4,1989,3,female,90,44,36,48,77,19,14,29,63
1505563,51,12,1962,11,female,646,45,18,48,131,34,59,14,72
1260068,15,14,1998,8,male,310,44,30,49,20,45,15,4,5
2097564,17,27,1996,9,male,459,44,29,49,40,46,30,3,10
1560060,23,21,1990,9,male,19,44,39,49,0,49,0,0,0
1861986,28,21,1985,9,male,153,44,24,48,21,48,16,0,5
1990228,34,18,1979,10,male,423,44,10,49,14,49,11,0,3
1165506,38,11,1975,7,female,594,44,33,48,21,48,12,0,9
2083050,22,28,1991,3,female,588,44,22,49,38,49,37,0,1
1393311,18,16,1995,11,female,347,44,24,51,0,51,0,0,0
1813182,49,23,1964,6,female,192,45,19,50,30,50,5,0,25
1330341,21,3,1992,5,female,93,45,41,53,25,10,4,43,21
1034829,61,1,1952,12,male,1183,45,25,52,72,0,13,52,59
1895992,15,7,1998,6,male,206,44,33,53,13,46,7,7,6
1648340,15,4,1998,8,male,348,45,4,52,10,49,6,3,4
1099409,47,11,1966,9,female,146,45,33,52,14,41,7,11,7
1960143,59,25,1954,7,female,1619,44,20,52,13,50,10,2,3
1173874,47,28,1966,1,female,1408,44,23,52,34,50,19,2,15
1609688,20,18,1993,4,male,27,44,43,52,0,52,0,0,0
1060268,46,1,1967,1,female,262,44,17,53,14,53,12,0,2
1227440,48,10,1965,4,female,41,45,30,52,22,52,13,0,9
1203894,46,10,1967,6,male,884,45,14,55,138,47,130,8,8
1511534,26,31,1987,12,female,350,44,26,54,27,54,9,0,18
1839349,21,3,1992,3,female,243,45,31,54,33,54,26,0,7
1561987,47,12,1966,4,female,736,44,23,55,54,55,46,0,8
1549537,67,12,1946,9,female,1616,44,23,56,47,22,31,34,16
1817676,57,24,1956,11,male,137,45,27,56,219,25,110,31,109
1293411,28,7,1985,7,female,1181,45,18,56,5,53,3,3,2
1595913,32,29,1981,3,female,398,44,36,56,0,54,0,2,0
1209410,22,27,1991,12,female,206,44,26,58,61,55,46,3,15
1230945,52,14,1961,7,male,107,45,33,58,7,58,3,0,4
1992085,58,3,1955,6,female,1493,45,31,57,4,57,2,0,2
1491761,28,19,1985,6,male,134,44,38,56,29,56,17,0,12
1577554,54,7,1959,11,female,1359,44,22,57,19,57,17,0,2
2080909,23,2,1990,7,female,400,45,30,59,34,0,19,59,15
1671640,52,13,1961,1,male,607,45,31,60,68,1,39,59,29
1621974,68,18,1945,8,female,1525,45,33,59,91,7,30,52,61
1593404,21,20,1992,7,female,905,44,21,59,39,37,6,22,33
1508705,22,13,1991,8,male,104,44,42,59,33,48,13,11,20
1163579,26,3,1987,1,female,356,45,25,59,54,59,10,0,44
1547911,34,26,1979,7,female,314,45,22,60,76,60,72,0,4
1439022,41,16,1972,1,male,216,45,28,61,14,34,11,27,3
1603729,53,12,1960,9,female,485,44,17,61,0,61,0,0,0
1090570,47,20,1966,1,female,569,45,33,61,36,61,28,0,8
1075646,50,27,1963,6,male,98,44,39,63,15,63,14,0,1
1960958,31,7,1982,7,female,128,45,36,63,255,63,239,0,16
1852609,19,7,1994,3,male,99,45,36,64,16,6,3,58,13
1227669,58,12,1955,9,female,476,45,26,64,333,0,123,64,210
1338007,70,30,1943,11,female,1460,44,14,65,32,64,19,1,13
1271736,63,19,1950,9,female,185,44,31,67,6,0,3,67,3
1556304,58,7,1955,5,female,1325,44,15,67,37,0,4,67,33
1725878,108,1,1905,1,male,110,45,33,67,22,0,5,67,17
1324327,61,3,1952,7,female,302,45,33,68,56,42,40,26,16
2000906,44,28,1969,1,female,600,44,14,66,34,66,11,0,23
1584541,108,31,1905,7,female,1157,45,26,71,12,0,0,71,12
1204631,33,8,1980,11,male,416,44,38,71,7,71,7,0,0
1977714,23,2,1990,12,male,42,44,22,69,25,69,18,0,7
2104233,24,24,1989,3,female,300,44,14,69,21,69,21,0,0
1454583,34,8,1979,2,male,67,44,22,69,98,69,84,0,14
2042946,34,17,1979,10,male,21,45,42,70,52,70,46,0,6
1173721,64,26,1949,10,female,2173,45,34,74,24,11,15,63,9
2140876,14,12,1999,6,female,107,45,19,74,5,74,5,0,0
1511603,36,1,1977,9,female,487,45,27,74,22,74,20,0,2
1878366,20,27,1993,2,female,480,45,33,75,5,75,4,0,1
1345433,44,12,1969,10,male,620,44,32,77,1,77,0,0,1
1502907,94,30,1919,3,male,286,44,21,75,8,75,7,0,1
2179598,29,28,1984,8,female,409,45,38,77,26,77,21,0,5
1876578,62,24,1951,3,male,619,45,25,77,14,77,9,0,5
1896669,37,11,1976,5,female,690,44,17,76,60,76,37,0,23
1595713,54,5,1959,5,male,612,45,31,76,48,76,17,0,31
1609064,54,23,1959,9,female,419,45,27,80,1,80,1,0,0
1688546,65,28,1948,8,female,1242,44,21,79,12,79,5,0,7
1226471,49,13,1964,9,female,953,45,27,78,39,78,32,0,7
1311104,45,29,1968,11,male,446,45,38,83,46,80,18,3,28
1329309,34,5,1979,6,female,437,44,18,84,45,84,34,0,11
1303767,59,16,1954,10,male,406,44,39,81,39,81,33,0,6
1795699,47,27,1966,8,female,364,45,21,84,63,84,54,0,9
1348117,51,23,1962,6,female,149,44,29,86,18,0,5,86,13
1109683,65,1,1948,12,female,1782,44,25,86,16,57,16,29,0
1928161,24,28,1989,8,male,574,45,37,87,120,31,55,56,65
1350651,46,19,1967,10,female,12,44,13,85,68,80,21,5,47
1626956,48,3,1965,7,male,612,44,26,86,80,71,56,15,24
2177862,54,3,1959,12,male,378,44,22,85,3,85,0,0,3
1371788,25,1,1988,1,male,286,45,33,85,41,85,24,0,17
1197364,66,16,1947,1,male,504,45,31,89,24,0,6,89,18
1257333,50,9,1963,12,female,726,44,29,89,29,52,21,37,8
1922795,67,15,1946,8,female,1757,44,17,89,5,89,4,0,1
2160582,42,22,1971,5,male,382,45,39,91,18,91,18,0,0
1140407,61,4,1952,1,female,195,45,23,90,81,90,67,0,14
2008580,51,30,1962,6,female,355,45,29,94,36,94,32,0,4
1339630,31,24,1982,2,male,232,45,22,97,0,0,0,97,0
2173205,52,7,1961,10,female,619,44,30,99,173,1,73,98,100
1541336,30,4,1983,5,male,292,45,1,99,28,98,24,1,4
1397389,59,23,1954,9,female,370,45,22,98,25,98,11,0,14
2152858,23,25,1990,10,female,142,45,22,99,65,99,53,0,12
1192438,45,19,1968,2,female,285,45,21,104,31,4,4,100,27
1306320,24,14,1989,8,female,520,44,30,101,152,2,21,99,131
2008229,22,8,1991,7,male,717,44,14,101,50,101,27,0,23
1628141,14,2,1999,10,female,285,45,21,106,14,48,3,58,11
1841349,25,16,1988,9,male,132,44,43,108,4,108,4,0,0
1894046,46,18,1967,5,female,186,45,22,108,11,108,5,0,6
1210266,23,6,1990,3,male,12,44,39,107,25,107,17,0,8
1899023,58,4,1955,4,female,201,44,12,106,26,106,21,0,5
1212595,53,23,1960,4,male,176,44,19,105,79,105,26,0,53
1804583,48,25,1965,1,male,441,45,28,119,3,0,1,119,2
2107914,59,16,1954,3,female,361,45,36,114,0,0,0,114,0
1110083,84,26,1929,10,female,934,44,34,117,24,0,21,117,3
1310015,28,28,1985,12,female,356,45,24,115,85,9,15,106,70
1330527,55,24,1958,9,female,392,45,26,116,138,0,79,116,59
1642168,61,10,1952,12,male,2169,44,17,114,130,52,103,62,27
2190343,18,1,1995,3,male,25,44,13,118,1,106,1,12,0
1047322,25,18,1988,8,male,194,45,43,117,16,112,8,5,8
1881694,24,25,1989,1,male,320,44,40,115,72,87,53,28,19
1656819,25,7,1988,8,male,178,45,44,118,47,118,33,0,14
1094558,38,27,1975,1,male,213,44,36,116,29,116,12,0,17
1376679,41,1,1972,1,male,272,45,34,114,19,114,19,0,0
1773393,39,26,1974,3,female,182,44,18,118,138,118,129,0,9
1482503,20,7,1993,3,female,255,44,42,123,0,123,0,0,0
1979299,40,26,1973,4,male,94,44,29,123,20,123,20,0,0
1684045,47,3,1966,3,female,61,44,37,124,77,124,73,0,4
1888224,49,26,1964,9,female,622,44,8,128,28,0,16,128,12
1457875,90,20,1923,12,female,415,45,31,129,92,50,30,79,62
1266486,48,29,1965,5,female,1073,45,24,127,21,127,16,0,5
1362935,15,20,1998,10,male,337,45,26,127,34,127,26,0,8
1052107,38,5,1975,3,female,50,44,40,129,40,129,39,0,1
1596686,65,9,1948,10,female,1576,44,14,131,28,6,6,125,22
2093970,71,12,1942,6,male,619,44,19,134,64,0,13,134,51
1846173,32,12,1981,5,male,173,44,41,131,1,131,0,0,1
2021466,31,7,1982,5,female,278,45,32,143,37,85,24,58,13
1364873,30,25,1983,7,male,81,44,41,137,12,137,7,0,5
1746717,65,10,1948,11,female,635,44,28,145,36,0,18,145,18
1127563,68,14,1945,9,female,1172,44,28,146,130,0,22,146,108
1006273,33,7,1980,2,male,325,45,38,147,6,147,4,0,2
1497754,46,27,1967,5,male,1111,45,21,153,15,153,8,0,7
2150563,31,27,1982,9,male,28,44,40,155,94,155,84,0,10
1878964,50,13,1963,5,female,1589,45,12,153,153,153,97,0,56
1205533,15,7,1998,3,male,774,44,15,158,4,158,4,0,0
2172895,40,17,1973,12,female,398,45,25,166,134,40,42,126,92
1293370,100,8,1913,10,female,32,44,37,169,228,139,155,30,73
1623674,36,18,1977,7,female,870,44,26,170,28,170,11,0,17
1855335,63,30,1950,5,female,1469,44,18,165,17,165,15,0,2
1826729,48,13,1965,8,female,359,45,35,176,35,0,2,176,33
1665931,48,18,1965,3,male,1265,44,37,178,23,93,15,85,8
1747011,36,11,1977,7,male,136,44,28,173,100,58,82,115,18
1112169,49,16,1964,10,female,223,44,21,175,93,125,66,50,27
1078046,20,15,1993,8,male,131,45,21,175,85,175,77,0,8
1304234,43,11,1970,9,male,142,44,28,174,55,174,49,0,6
1906141,45,26,1968,8,male,363,44,22,178,291,178,237,0,54
1018444,54,16,1959,7,male,1007,44,18,180,318,180,181,0,137
1798045,47,16,1966,6,female,219,44,30,188,102,0,52,188,50
1166305,21,26,1992,11,female,149,44,32,190,97,187,71,3,26
1758790,18,3,1995,11,female,13,45,41,187,259,180,103,7,156
1260856,63,3,1950,3,female,1265,44,33,188,24,188,15,0,9
1165782,66,13,1947,9,female,1267,44,23,182,20,182,15,0,5
1271000,25,4,1988,10,female,45,44,28,190,200,190,174,0,26
1108532,43,31,1970,7,male,327,44,16,186,212,186,191,0,21
1285502,34,24,1979,9,female,284,45,20,194,210,5,25,189,185
1898199,19,25,1994,5,male,223,44,26,194,23,193,16,1,7
1708764,40,11,1973,7,female,340,45,21,203,4,17,3,186,1
2034111,41,3,1972,11,female,45,45,23,214,287,16,211,198,76
1174904,24,13,1989,11,female,279,44,27,212,18,212,16,0,2
2006617,33,15,1980,11,female,259,44,27,217,67,217,47,0,20
1838457,49,13,1964,3,female,1561,44,27,214,79,214,34,0,45
2050803,29,22,1984,5,male,583,44,35,232,17,2,5,230,12
1203460,32,17,1981,10,female,260,45,21,229,39,226,36,3,3
2020004,54,20,1959,8,female,137,44,41,243,40,0,22,243,18
1989290,39,22,1974,3,female,164,45,39,245,235,242,48,3,187
1361829,27,25,1986,5,female,657,45,29,240,16,240,6,0,10
2188798,54,22,1959,2,female,156,44,28,240,39,240,30,0,9
1930395,15,22,1998,7,male,291,45,30,241,127,241,65,0,62
1524104,28,4,1985,7,female,67,45,34,245,111,245,89,0,22
1452239,42,6,1971,1,female,40,45,44,242,302,242,219,0,83
1586899,71,29,1942,11,male,988,45,15,253,40,0,23,253,17
1379366,39,5,1974,4,female,382,45,28,250,131,63,118,187,13
1480243,26,8,1987,4,male,142,45,38,251,384,246,284,5,100
1229250,27,30,1986,1,male,212,45,29,253,97,253,77,0,20
1457395,46,16,1967,9,female,141,45,26,253,90,253,59,0,31
2052706,69,23,1944,2,female,1605,44,19,269,82,0,22,269,60
1567262,19,8,1994,7,female,316,44,19,268,180,0,23,268,157
1548995,48,21,1965,11,female,769,45,10,277,15,5,8,272,7
2121874,30,6,1983,11,male,458,44,14,277,360,58,129,219,231
1975775,50,2,1963,1,female,469,44,27,286,68,286,64,0,4
1141528,62,8,1951,12,female,350,44,37,284,76,284,62,0,14
1291204,21,13,1992,8,male,384,44,30,303,123,0,79,303,44
1861760,23,27,1990,12,male,107,45,22,296,176,291,93,5,83
1611636,27,1,1986,4,female,1191,45,34,294,63,293,23,1,40
2087286,25,15,1988,2,female,576,44,27,296,113,296,107,0,6
1375796,57,19,1956,2,female,2150,44,13,337,99,319,65,18,34
1017519,58,15,1955,4,male,663,45,31,339,100,294,78,45,22
1645519,53,30,1960,12,female,672,44,34,330,98,330,52,0,46
1206087,48,2,1965,4,female,1820,45,22,348,133,338,69,10,64
1186752,39,9,1974,3,female,371,45,29,367,324,367,297,0,27
1574051,67,6,1946,7,male,668,45,18,370,31,0,18,370,13
1138856,16,23,1997,6,female,170,44,13,383,78,29,28,354,50
1392034,63,2,1950,10,female,117,45,28,379,90,0,44,379,46
2166771,63,2,1950,4,female,1565,45,20,400,321,400,133,0,188
2103044,25,18,1988,8,male,515,44,25,435,13,0,0,435,13
1556769,66,29,1947,1,female,443,44,36,427,9,427,6,0,3
1239105,27,27,1986,3,female,36,44,21,450,78,450,26,0,52
1618402,27,20,1986,8,female,224,45,30,481,45,0,20,481,25
2048944,45,30,1968,1,female,532,45,29,455,89,43,59,412,30
1643705,63,1,1950,1,male,990,45,11,459,264,0,40,459,224
1031176,25,1,1988,1,male,118,44,11,469,248,459,142,10,106
2091242,69,24,1944,12,female,496,44,16,460,6,459,2,1,4
1794656,28,1,1985,12,male,307,45,37,481,0,481,0,0,0
1487156,58,18,1955,9,female,642,45,32,464,105,464,98,0,7
1318807,63,15,1950,2,female,127,44,22,481,94,481,72,0,22
1311581,93,13,1920,11,female,126,45,29,454,106,454,73,0,33
2190789,96,1,1917,1,male,969,45,35,504,153,9,104,495,49
1784576,67,12,1946,11,female,1025,45,22,547,59,0,9,547,50
1405640,37,24,1976,8,female,524,45,21,529,86,529,77,0,9
1406339,37,17,1976,1,female,252,45,35,605,162,605,107,0,55
1277365,78,20,1935,11,male,1044,45,9,625,156,6,8,619,148
1820240,18,9,1995,9,female,553,44,32,686,49,622,48,64,1
1171451,50,5,1963,9,female,387,44,26,740,274,740,234,0,40
1615843,18,28,1995,2,male,600,45,22,823,709,4,81,819,628
1986055,59,1,1954,2,female,435,44,22,859,607,832,159,27,448
1137181,37,18,1976,3,female,198,44,31,983,329,0,101,983,228
1572142,106,30,1907,10,male,150,45,18,955,27,885,18,70,9
1411743,32,19,1981,11,female,174,45,43,920,660,920,592,0,68
1286179,28,13,1985,8,male,436,45,24,1049,385,124,158,925,227
1571054,57,19,1956,3,male,1062,44,18,1014,19,1014,13,0,6
1492113,14,7,1999,7,female,168,44,21,1237,393,1127,137,110,256
1608114,61,31,1952,8,female,553,44,24,1338,306,0,112,1338,194
1828443,51,18,1962,12,female,685,44,42,1399,216,931,145,468,71
2121844,23,21,1990,4,female,303,44,30,1981,3213,3,190,1978,3023
2082720,17,18,1996,9,female,410,44,24,1926,509,1881,329,45,180
1249770,23,1,1990,8,female,312,45,31,2046,635,2045,314,1,321
2095165,15,12,1998,12,male,130,47,34,0,4,0,3,0,1
1351915,14,27,1999,5,male,121,46,33,0,2,0,2,0,0
1992007,14,27,1999,5,male,82,47,18,0,9,0,0,0,9
1040041,16,18,1997,11,male,624,46,22,0,26,0,11,0,15
1993758,16,16,1997,11,male,159,47,36,0,0,0,0,0,0
1764196,15,7,1998,4,female,17,47,40,0,0,0,0,0,0
1878678,15,1,1998,6,male,225,47,29,0,0,0,0,0,0
1402404,15,14,1998,8,male,18,47,31,0,0,0,0,0,0
1516171,15,18,1998,10,male,177,47,29,0,0,0,0,0,0
1479860,15,25,1998,10,male,148,46,43,0,0,0,0,0,0
1369596,17,14,1996,11,male,505,46,41,0,0,0,0,0,0
1581976,16,4,1997,2,female,211,46,41,0,1,0,1,0,0
2057806,16,27,1997,2,male,49,47,15,0,0,0,0,0,0
1508157,16,23,1997,3,male,451,46,33,0,0,0,0,0,0
1269316,16,29,1997,3,male,74,46,40,0,0,0,0,0,0
1441402,16,24,1997,5,male,192,47,40,0,7,0,2,0,5
2085643,16,21,1997,6,female,580,47,5,0,0,0,0,0,0
1584496,16,30,1997,7,male,727,47,17,0,0,0,0,0,0
2158400,16,6,1997,7,female,523,46,38,0,0,0,0,0,0
1266535,16,25,1997,7,male,327,47,30,0,0,0,0,0,0
1260572,16,21,1997,7,male,320,47,36,0,0,0,0,0,0
1907003,16,14,1997,8,male,231,47,44,0,3,0,2,0,1
1554901,16,1,1997,9,male,316,46,38,0,0,0,0,0,0
2069981,16,10,1997,10,male,231,46,31,0,0,0,0,0,0
1155562,16,5,1997,10,male,12,46,43,0,0,0,0,0,0
1712553,18,17,1995,11,male,154,46,24,0,3,0,3,0,0
1871369,18,11,1995,11,female,22,47,6,0,4,0,3,0,1
1867014,17,1,1996,1,male,176,47,31,0,0,0,0,0,0
1363921,17,1,1996,1,male,101,47,32,0,1,0,1,0,0
1895502,17,14,1996,2,male,291,47,36,0,0,0,0,0,0
1440690,17,1,1996,2,male,325,46,38,0,0,0,0,0,0
2006700,17,18,1996,5,female,184,47,33,0,0,0,0,0,0
1813174,19,15,1994,12,male,753,47,19,0,0,0,0,0,0
2166919,18,20,1995,1,male,71,47,38,0,0,0,0,0,0
1950908,18,7,1995,2,male,65,47,34,0,2,0,0,0,2
1763682,18,4,1995,6,male,473,47,32,0,18,0,9,0,9
1697229,18,16,1995,6,female,480,47,20,0,2,0,1,0,1
1197509,20,30,1993,11,male,201,46,39,0,0,0,0,0,0
1390548,20,8,1993,12,male,298,47,25,0,0,0,0,0,0
1784073,19,1,1994,1,male,259,47,28,0,7,0,6,0,1
1956197,19,1,1994,1,male,179,47,40,0,1,0,1,0,0
1783010,19,24,1994,2,male,865,46,4,0,2,0,2,0,0
1421225,19,12,1994,2,male,432,46,17,0,0,0,0,0,0
1628191,19,30,1994,4,male,203,46,13,0,1,0,0,0,1
2140754,19,21,1994,7,female,645,47,35,0,0,0,0,0,0
2165334,19,29,1994,7,male,357,46,27,0,0,0,0,0,0
1107833,19,16,1994,7,female,286,46,9,0,0,0,0,0,0
1551280,19,31,1994,7,male,65,46,30,0,0,0,0,0,0
1601658,19,28,1994,9,male,241,47,21,0,0,0,0,0,0
1977971,19,2,1994,9,male,25,46,46,0,0,0,0,0,0
1950780,20,1,1993,1,male,319,47,26,0,0,0,0,0,0
1807819,20,20,1993,2,male,68,46,39,0,1,0,0,0,1
1356808,20,22,1993,3,male,291,47,34,0,0,0,0,0,0
1769893,20,4,1993,3,male,225,46,23,0,0,0,0,0,0
1191923,20,2,1993,5,female,468,46,28,0,0,0,0,0,0
2015231,20,19,1993,7,male,582,47,19,0,7,0,5,0,2
1446460,20,15,1993,8,male,113,47,43,0,0,0,0,0,0
1916473,20,5,1993,10,male,579,47,32,0,0,0,0,0,0
1293399,20,26,1993,10,female,357,47,7,0,0,0,0,0,0
1382396,21,10,1992,1,male,555,46,16,0,0,0,0,0,0
1346823,21,20,1992,3,male,502,46,29,0,0,0,0,0,0
1020616,21,7,1992,3,male,247,46,18,0,0,0,0,0,0
2087376,21,19,1992,3,male,166,47,37,0,14,0,5,0,9
1164085,21,13,1992,7,male,767,46,37,0,0,0,0,0,0
1617903,21,1,1992,7,male,377,46,27,0,3,0,1,0,2
1265985,21,19,1992,8,male,479,47,17,0,0,0,0,0,0
1576827,21,13,1992,8,male,123,47,17,0,0,0,0,0,0
1881036,21,20,1992,9,male,529,46,39,0,1,0,1,0,0
1628066,23,27,1990,11,male,25,46,41,0,10,0,5,0,5
1590826,22,21,1991,1,male,695,47,11,0,12,0,5,0,7
2048054,22,5,1991,1,male,418,46,44,0,0,0,0,0,0
1924995,22,1,1991,1,female,229,46,44,0,1,0,1,0,0
2092542,22,21,1991,4,male,631,46,22,0,34,0,7,0,27
1236757,22,11,1991,5,female,258,46,36,0,0,0,0,0,0
1727299,22,10,1991,6,male,1385,47,31,0,0,0,0,0,0
1135009,22,18,1991,6,male,821,46,33,0,0,0,0,0,0
1834134,22,5,1991,6,male,132,46,45,0,1,0,1,0,0
1543560,22,5,1991,7,female,441,47,30,0,0,0,0,0,0
1906474,22,12,1991,7,female,194,46,40,0,0,0,0,0,0
2148430,22,5,1991,8,female,637,47,37,0,0,0,0,0,0
1162157,22,7,1991,8,male,65,46,25,0,2,0,1,0,1
2015266,22,14,1991,9,male,291,46,35,0,0,0,0,0,0
2041602,22,13,1991,9,male,262,47,17,0,4,0,4,0,0
1162407,22,4,1991,10,female,268,47,26,0,0,0,0,0,0
1598363,24,22,1989,12,male,378,47,1,0,0,0,0,0,0
1993857,23,1,1990,1,male,640,46,28,0,0,0,0,0,0
1942116,23,1,1990,1,male,622,46,38,0,0,0,0,0,0
1045739,23,1,1990,1,male,126,46,43,0,64,0,12,0,52
1990093,23,5,1990,2,male,976,46,28,0,0,0,0,0,0
1295260,23,20,1990,3,male,119,46,46,0,0,0,0,0,0
2161673,23,20,1990,3,male,73,46,38,0,3,0,3,0,0
1700204,23,17,1990,5,female,667,47,23,0,5,0,5,0,0
1705612,23,24,1990,5,female,495,46,6,0,0,0,0,0,0
1650751,23,15,1990,6,female,714,46,21,0,0,0,0,0,0
1478535,23,26,1990,6,male,263,46,38,0,0,0,0,0,0
1359532,23,15,1990,7,female,743,46,19,0,3,0,2,0,1
1526296,23,26,1990,7,male,418,46,40,0,0,0,0,0,0
1537475,23,29,1990,7,female,130,47,32,0,0,0,0,0,0
1504032,23,14,1990,9,male,357,47,44,0,0,0,0,0,0
1535443,23,29,1990,10,male,717,46,25,0,6,0,6,0,0
1641386,23,15,1990,10,male,376,47,35,0,1,0,0,0,1
1661507,23,28,1990,10,male,86,46,41,0,0,0,0,0,0
1756717,25,25,1988,12,female,403,46,30,0,0,0,0,0,0
1090895,24,1,1989,1,female,278,47,28,0,11,0,11,0,0
1288381,24,24,1989,3,male,381,46,19,0,0,0,0,0,0
1564938,24,4,1989,4,male,625,47,30,0,0,0,0,0,0
1453315,24,16,1989,8,male,71,47,43,0,0,0,0,0,0
1488652,25,28,1988,1,male,628,47,15,0,1,0,0,0,1
1036103,25,1,1988,1,male,265,46,38,0,0,0,0,0,0
1025906,25,1,1988,1,male,149,47,34,0,1,0,1,0,0
1802251,25,1,1988,1,male,63,46,45,0,3,0,3,0,0
1502323,25,6,1988,4,male,274,47,36,0,7,0,0,0,7
2040855,25,19,1988,4,male,225,47,10,0,0,0,0,0,0
1712216,25,30,1988,7,male,612,47,32,0,0,0,0,0,0
2178563,25,19,1988,7,male,224,46,31,0,0,0,0,0,0
1039613,25,8,1988,8,male,286,47,33,0,1,0,1,0,0
1372375,25,10,1988,9,female,448,46,42,0,0,0,0,0,0
1359388,25,21,1988,9,male,191,46,38,0,0,0,0,0,0
1416222,26,1,1987,1,male,378,46,43,0,3,0,0,0,3
1932008,26,1,1987,1,female,305,47,33,0,0,0,0,0,0
1005341,26,1,1987,1,male,48,46,7,0,0,0,0,0,0
2126801,26,16,1987,3,male,396,47,43,0,1,0,1,0,0
1630508,26,7,1987,7,male,18,46,41,0,0,0,0,0,0
2022639,26,17,1987,8,female,249,46,26,0,0,0,0,0,0
1146257,26,24,1987,9,male,314,47,33,0,37,0,19,0,18
1305855,26,11,1987,9,male,219,47,32,0,0,0,0,0,0
2000069,28,4,1985,11,male,260,46,26,0,6,0,1,0,5
1509023,28,22,1985,12,male,529,46,34,0,0,0,0,0,0
2115172,28,11,1985,12,male,109,47,32,0,0,0,0,0,0
1311702,27,27,1986,1,female,396,46,33,0,12,0,5,0,7
1979880,27,1,1986,2,male,311,46,38,0,1,0,1,0,0
1146204,27,22,1986,5,male,107,46,25,0,19,0,19,0,0
1482240,27,24,1986,6,female,717,46,19,0,0,0,0,0,0
1387998,27,9,1986,6,female,260,46,34,0,0,0,0,0,0
2113616,27,3,1986,7,male,498,47,37,0,0,0,0,0,0
1509062,27,17,1986,8,male,667,47,17,0,0,0,0,0,0
1224787,29,4,1984,12,male,267,46,16,0,0,0,0,0,0
1273712,28,8,1985,2,male,440,46,21,0,0,0,0,0,0
1063409,28,23,1985,5,male,123,46,26,0,4,0,1,0,3
2076403,28,9,1985,6,male,1043,46,20,0,1,0,1,0,0
1128013,28,26,1985,6,male,427,46,40,0,1,0,0,0,1
1182043,28,23,1985,8,male,311,47,46,0,0,0,0,0,0
1796950,30,29,1983,12,male,410,46,27,0,0,0,0,0,0
1553932,29,26,1984,4,male,200,47,35,0,1,0,0,0,1
2017445,29,14,1984,4,male,112,47,39,0,0,0,0,0,0
1696512,31,13,1982,11,male,466,46,37,0,0,0,0,0,0
1188296,31,27,1982,12,female,158,47,40,0,0,0,0,0,0
2053000,30,18,1983,1,female,282,47,18,0,1,0,1,0,0
1435861,30,2,1983,1,male,118,47,20,0,3,0,1,0,2
1004006,30,17,1983,5,male,152,47,18,0,0,0,0,0,0
1298491,30,2,1983,7,male,458,47,20,0,9,0,5,0,4
1553263,30,13,1983,8,male,134,46,24,0,0,0,0,0,0
2142691,32,20,1981,12,male,685,47,30,0,1,0,0,0,1
1527195,31,15,1982,1,male,252,46,30,0,0,0,0,0,0
1616313,31,1,1982,1,male,117,46,26,0,4,0,1,0,3
1259551,31,20,1982,9,female,305,46,39,0,19,0,17,0,2
1344664,31,15,1982,10,female,264,46,31,0,2,0,1,0,1
1652599,32,1,1981,1,female,636,47,10,0,0,0,0,0,0
1331470,32,14,1981,3,male,297,47,41,0,2,0,2,0,0
1183539,33,20,1980,4,male,586,46,27,0,0,0,0,0,0
1792498,33,18,1980,4,male,273,46,35,0,2,0,0,0,2
2181533,33,5,1980,5,male,410,47,28,0,0,0,0,0,0
1562132,33,10,1980,5,male,234,47,22,0,0,0,0,0,0
1115983,33,29,1980,8,female,434,47,28,0,1,0,0,0,1
2188156,34,12,1979,2,male,356,47,16,0,0,0,0,0,0
1024920,34,16,1979,3,female,604,46,28,0,0,0,0,0,0
1853423,34,20,1979,9,male,448,46,16,0,0,0,0,0,0
1533052,36,11,1977,11,male,445,47,36,0,15,0,10,0,5
1483605,36,29,1977,12,female,10,47,33,0,0,0,0,0,0
1031922,35,14,1978,8,male,754,46,23,0,0,0,0,0,0
1030372,35,17,1978,9,female,577,46,13,0,3,0,2,0,1
1560111,36,1,1977,1,male,167,47,43,0,0,0,0,0,0
1618216,36,23,1977,4,female,261,46,24,0,1,0,1,0,0
1111795,37,11,1976,2,male,387,47,35,0,0,0,0,0,0
2132021,37,23,1976,7,male,73,46,37,0,0,0,0,0,0
2094110,38,28,1975,7,male,298,47,32,0,0,0,0,0,0
2095247,38,23,1975,9,male,483,47,33,0,0,0,0,0,0
1815530,38,18,1975,9,male,262,46,34,0,2,0,2,0,0
1357457,39,25,1974,3,male,89,47,37,0,19,0,6,0,13
1775534,41,20,1972,6,male,209,47,44,0,0,0,0,0,0
1008639,43,11,1970,11,male,142,46,24,0,0,0,0,0,0
1297207,42,22,1971,4,male,527,47,8,0,0,0,0,0,0
1584922,43,5,1970,5,female,413,46,12,0,0,0,0,0,0
1245413,43,23,1970,7,male,428,46,39,0,2,0,0,0,2
1345847,43,9,1970,8,male,66,46,43,0,0,0,0,0,0
1386344,44,5,1969,2,male,1378,47,25,0,0,0,0,0,0
1786636,44,25,1969,4,male,345,46,14,0,1,0,0,0,1
1473449,46,19,1967,1,male,442,47,38,0,1,0,0,0,1
1249528,47,27,1966,4,female,278,46,27,0,2,0,2,0,0
2148744,48,13,1965,10,male,222,47,33,0,6,0,3,0,3
1313298,48,1,1965,10,male,1534,47,36,0,4,0,1,0,3
1584536,49,9,1964,4,female,295,46,18,0,4,0,3,0,1
1230922,49,6,1964,6,female,100,47,24,0,0,0,0,0,0
2181610,50,17,1963,3,male,292,47,20,0,0,0,0,0,0
2174496,50,22,1963,5,male,206,46,35,0,12,0,4,0,8
1586986,51,3,1962,3,male,1489,47,32,0,2,0,0,0,2
1688891,51,16,1962,10,female,1056,46,22,0,0,0,0,0,0
1621275,53,13,1960,11,female,301,46,19,0,0,0,0,0,0
2180783,52,20,1961,4,male,1383,46,23,0,0,0,0,0,0
1254528,52,20,1961,7,male,392,47,31,0,0,0,0,0,0
1533904,52,30,1961,10,female,394,47,31,0,5,0,5,0,0
2007618,54,5,1959,5,female,658,46,21,0,6,0,5,0,1
2157029,54,15,1959,6,male,1187,47,17,0,0,0,0,0,0
1885651,56,17,1957,11,female,904,46,18,0,0,0,0,0,0
1478191,55,26,1958,1,male,681,46,36,0,12,0,4,0,8
2179357,55,4,1958,8,male,457,47,28,0,0,0,0,0,0
1910616,57,22,1956,12,male,421,46,36,0,1,0,1,0,0
2026267,58,14,1955,12,female,575,47,33,0,1,0,1,0,0
1139128,57,10,1956,3,male,701,46,30,0,2,0,0,0,2
1628840,58,18,1955,7,male,126,47,40,0,0,0,0,0,0
2193114,60,19,1953,4,male,971,46,41,0,0,0,0,0,0
1572278,63,22,1950,11,male,618,47,28,0,2,0,0,0,2
2021124,63,17,1950,11,female,462,46,23,0,0,0,0,0,0
1175244,62,3,1951,4,male,419,47,10,0,0,0,0,0,0
1616215,62,26,1951,8,male,1246,46,29,0,0,0,0,0,0
1661070,62,1,1951,10,male,1683,46,21,0,1,0,0,0,1
1389289,63,2,1950,5,male,508,47,11,0,1,0,1,0,0
1738008,63,22,1950,8,male,433,47,44,0,5,0,2,0,3
1211073,63,15,1950,9,male,1565,47,11,0,4,0,4,0,0
1670918,63,6,1950,10,male,1030,47,25,0,0,0,0,0,0
1719143,64,26,1949,1,female,884,47,30,0,2,0,2,0,0
1139607,64,1,1949,5,female,306,47,32,0,2,0,2,0,0
1304887,66,8,1947,10,male,332,46,35,0,0,0,0,0,0
1196239,67,18,1946,1,male,1124,46,19,0,0,0,0,0,0
1864722,67,25,1946,10,female,667,46,40,0,0,0,0,0,0
2184789,67,2,1946,10,male,405,47,35,0,0,0,0,0,0
1045702,68,4,1945,10,male,343,47,36,0,0,0,0,0,0
1084816,69,18,1944,5,male,191,47,26,0,0,0,0,0,0
1018932,72,20,1941,12,male,674,46,31,0,0,0,0,0,0
1039293,71,10,1942,6,male,1169,47,12,0,4,0,3,0,1
1167953,72,18,1941,5,female,1456,47,19,0,0,0,0,0,0
1618044,72,4,1941,7,female,112,46,24,0,6,0,3,0,3
1155758,73,13,1940,2,female,1554,47,19,0,0,0,0,0,0
1516602,73,8,1940,4,male,1095,47,16,0,7,0,7,0,0
1285162,74,20,1939,5,female,997,46,29,0,0,0,0,0,0
1690533,77,9,1936,5,female,1268,46,22,0,0,0,0,0,0
2134084,80,13,1933,12,female,2231,46,17,0,0,0,0,0,0
1130127,81,18,1932,7,female,1094,46,19,0,0,0,0,0,0
1024905,86,28,1927,10,female,1524,46,24,0,0,0,0,0,0
1117075,89,12,1924,5,male,537,46,12,0,7,0,3,0,4
1875642,94,12,1919,8,female,1500,46,13,0,0,0,0,0,0
1800086,100,1,1913,1,male,621,46,25,0,0,0,0,0,0
1891234,103,12,1910,12,male,403,47,39,0,0,0,0,0,0
1525399,102,12,1911,1,female,131,47,40,0,0,0,0,0,0
1614153,103,30,1910,6,female,555,47,18,0,1,0,1,0,0
1395778,105,29,1908,2,male,1733,47,25,0,0,0,0,0,0
1087971,108,1,1905,1,female,1313,46,22,0,0,0,0,0,0
1852539,108,1,1905,1,female,1225,47,15,0,5,0,0,0,5
1642805,21,14,1992,3,male,270,46,32,1,0,0,0,1,0
1501786,23,17,1990,12,female,413,46,26,1,0,0,0,1,0
1234446,28,2,1985,11,male,535,46,13,1,0,0,0,1,0
2090366,29,5,1984,9,male,275,46,44,1,0,0,0,1,0
1003066,33,1,1980,6,male,611,46,45,1,0,0,0,1,0
1263454,34,9,1979,5,male,449,46,23,1,0,0,0,1,0
1803367,37,19,1976,8,male,633,46,39,1,0,0,0,1,0
1447691,44,25,1969,1,male,464,46,10,1,0,0,0,1,0
1931033,51,2,1962,9,male,1010,47,28,1,0,0,0,1,0
1451576,61,5,1952,2,male,367,47,28,1,0,0,0,1,0
1269088,81,14,1932,8,male,383,47,29,1,0,0,0,1,0
1591658,19,19,1994,2,male,309,47,37,1,1,0,0,1,1
1691400,49,1,1964,2,female,1809,47,13,1,1,0,1,1,0
1240080,65,19,1948,3,male,1347,46,25,1,1,0,1,1,0
1443281,14,20,1999,7,female,110,46,41,1,9,0,4,1,5
1463232,17,16,1996,4,male,499,47,13,1,2,0,0,1,2
1318792,18,28,1995,9,female,346,46,23,1,25,0,12,1,13
1564546,20,8,1993,8,male,272,46,45,1,4,0,3,1,1
1427948,42,14,1971,4,male,171,47,8,1,8,0,7,1,1
2128873,44,16,1969,8,male,500,47,34,1,3,0,1,1,2
1808398,49,10,1964,5,female,251,46,36,1,14,0,2,1,12
1159317,56,26,1957,1,female,215,47,39,1,21,0,2,1,19
1078767,71,8,1942,7,male,716,47,33,1,8,0,4,1,4
1160048,73,13,1940,4,male,131,47,34,1,2,0,0,1,2
2090541,111,28,1902,5,male,1733,47,8,1,5,0,1,1,4
1431674,14,5,1999,7,male,120,47,34,1,0,1,0,0,0
1222391,15,10,1998,9,female,246,47,31,1,0,1,0,0,0
1181622,16,23,1997,6,male,105,47,10,1,0,1,0,0,0
1090606,19,1,1994,11,female,361,46,32,1,0,1,0,0,0
1061164,21,22,1992,2,male,101,47,11,1,0,1,0,0,0
2133176,23,25,1990,12,male,111,46,37,1,0,1,0,0,0
1521348,22,7,1991,5,male,276,47,44,1,0,1,0,0,0
2148933,23,11,1990,4,male,221,47,30,1,0,1,0,0,0
1022010,23,23,1990,10,male,286,47,21,1,0,1,0,0,0
2087880,24,1,1989,1,male,353,47,20,1,0,1,0,0,0
1830600,25,8,1988,3,male,98,46,34,1,0,1,0,0,0
1302613,26,1,1987,1,male,354,46,18,1,0,1,0,0,0
1896749,26,24,1987,8,female,528,46,6,1,0,1,0,0,0
1229972,26,15,1987,9,male,207,47,40,1,0,1,0,0,0
2089937,28,10,1985,6,female,653,47,34,1,0,1,0,0,0
1245301,31,4,1982,11,male,388,47,36,1,0,1,0,0,0
1867002,31,7,1982,12,male,381,47,19,1,0,1,0,0,0
1842889,31,11,1982,8,female,212,47,45,1,0,1,0,0,0
1036772,32,9,1981,7,male,597,47,17,1,0,1,0,0,0
1084117,34,30,1979,12,female,381,47,32,1,0,1,0,0,0
1963645,38,25,1975,1,male,1110,46,15,1,0,1,0,0,0
1533701,46,1,1967,6,male,352,46,17,1,0,1,0,0,0
2042207,50,21,1963,8,male,790,46,15,1,0,1,0,0,0
1155776,53,3,1960,9,male,335,47,35,1,0,1,0,0,0
1448099,62,13,1951,2,male,742,47,38,1,0,1,0,0,0
2086679,63,23,1950,2,female,228,47,32,1,0,1,0,0,0
1718370,64,8,1949,9,male,587,46,31,1,0,1,0,0,0
1864436,108,1,1905,8,female,118,47,11,1,0,1,0,0,0
1665890,20,1,1993,1,female,170,46,24,1,1,1,1,0,0
2170978,20,15,1993,10,male,224,47,28,1,1,1,1,0,0
2135913,23,1,1990,4,male,370,47,39,1,1,1,1,0,0
1494661,24,16,1989,7,male,146,46,45,1,1,1,1,0,0
1882671,27,24,1986,8,male,675,47,45,1,1,1,1,0,0
1511794,29,17,1984,7,male,331,47,39,1,1,1,1,0,0
1775291,34,8,1979,11,male,50,47,31,1,1,1,1,0,0
1710202,37,4,1976,8,male,397,47,6,1,1,1,1,0,0
1190796,58,14,1955,7,male,1277,47,19,1,1,1,1,0,0
2123802,69,15,1944,3,male,684,47,21,1,1,1,1,0,0
1284758,18,6,1995,9,male,44,46,42,1,2,1,0,0,2
1291259,23,12,1990,10,female,479,46,25,1,9,1,6,0,3
2178414,25,25,1988,3,male,19,47,35,1,24,1,24,0,0
1695613,25,25,1988,10,male,84,47,29,1,13,1,11,0,2
1212024,26,3,1987,1,male,265,47,23,1,5,1,3,0,2
1773381,26,17,1987,1,male,145,46,15,1,4,1,3,0,1
1651740,29,11,1984,11,male,254,47,39,1,5,1,4,0,1
1457968,28,26,1985,10,male,539,46,40,1,2,1,0,0,2
1903106,29,11,1984,10,male,361,46,38,1,6,1,5,0,1
1883658,31,9,1982,1,male,298,46,34,1,6,1,1,0,5
1737576,39,2,1974,11,female,581,46,28,1,2,1,2,0,0
1832674,39,5,1974,6,male,356,46,20,1,2,1,1,0,1
1119866,47,10,1966,11,female,1328,46,13,1,27,1,19,0,8
1943766,53,16,1960,1,male,450,46,38,1,10,1,4,0,6
1495559,54,21,1959,2,female,1403,47,14,1,5,1,2,0,3
1130675,57,13,1956,8,male,1532,46,18,1,31,1,30,0,1
1571973,63,16,1950,11,male,35,47,42,1,8,1,6,0,2
1586577,67,1,1946,5,male,1389,47,20,1,26,1,17,0,9
1235712,20,19,1993,4,male,229,46,38,2,0,0,0,2,0
1152922,23,25,1990,11,male,514,47,25,2,0,0,0,2,0
1578838,27,16,1986,2,female,206,46,36,2,0,0,0,2,0
1679177,18,31,1995,12,male,714,46,42,2,1,0,0,2,1
1460885,20,19,1993,5,male,575,47,39,2,1,0,1,2,0
1909178,22,26,1991,4,female,659,47,23,2,1,0,0,2,1
2073351,28,1,1985,1,male,198,46,40,2,1,0,1,2,0
1838725,51,9,1962,4,female,643,46,28,2,2,0,0,2,2
1142082,68,1,1945,7,male,1673,47,23,2,2,0,2,2,0
1716204,16,23,1997,1,male,447,46,37,2,7,0,5,2,2
1309380,16,11,1997,7,male,643,47,27,2,4,0,2,2,2
2053334,18,24,1995,3,female,388,47,38,2,14,0,1,2,13
1504733,18,15,1995,6,male,294,46,25,2,4,0,0,2,4
1617788,26,6,1987,8,male,312,46,35,2,8,0,7,2,1
2163962,38,9,1975,12,male,263,47,16,2,6,0,1,2,5
1942228,51,29,1962,3,male,481,46,24,2,6,0,0,2,6
2081416,75,14,1938,10,female,351,46,23,2,8,0,3,2,5
1349272,78,4,1935,11,female,1060,46,37,2,7,0,4,2,3
1264058,85,13,1928,11,female,1346,46,20,2,12,0,5,2,7
1795648,16,10,1997,2,male,356,47,16,2,3,1,0,1,3
1368899,47,26,1966,1,male,178,47,28,2,8,1,0,1,8
1335258,62,8,1951,9,NA,2171,47,7,2,6,1,2,1,4
1006587,83,19,1930,2,female,231,46,38,2,3,1,3,1,0
1946558,17,4,1996,12,male,59,46,36,2,0,2,0,0,0
1325299,19,5,1994,8,male,614,46,17,2,0,2,0,0,0
1406757,19,24,1994,9,female,251,46,18,2,0,2,0,0,0
1595532,24,9,1989,2,male,454,47,2,2,0,2,0,0,0
1862853,28,5,1985,5,male,561,47,40,2,0,2,0,0,0
1596568,31,18,1982,4,male,583,46,25,2,0,2,0,0,0
1211342,60,22,1953,2,male,371,46,33,2,0,2,0,0,0
1732445,73,17,1940,12,female,1645,46,19,2,0,2,0,0,0
1828808,19,30,1994,11,female,120,47,28,2,1,2,1,0,0
1087214,30,1,1983,1,male,47,46,44,2,1,2,0,0,1
1848032,60,7,1953,1,female,236,47,37,2,1,2,1,0,0
1299581,66,28,1947,7,male,377,47,28,2,1,2,1,0,0
1028626,71,22,1942,3,female,317,47,17,2,1,2,1,0,0
1600309,15,6,1998,6,male,24,47,23,2,2,2,1,0,1
1941334,16,27,1997,5,male,336,46,9,2,2,2,2,0,0
1497759,18,23,1995,5,male,58,46,42,2,2,2,1,0,1
1689764,33,4,1980,12,female,151,47,38,2,2,2,2,0,0
1996151,42,1,1971,1,male,1770,46,28,2,2,2,2,0,0
1444205,61,30,1952,3,male,1142,47,25,2,2,2,1,0,1
2191873,16,30,1997,11,female,50,46,35,2,7,2,2,0,5
1206466,18,5,1995,1,male,46,46,38,2,12,2,9,0,3
2020264,18,22,1995,6,male,32,46,35,2,4,2,1,0,3
1362735,21,20,1992,10,female,245,47,29,2,4,2,4,0,0
1349003,22,5,1991,4,male,291,46,35,2,10,2,1,0,9
1865656,24,18,1989,9,male,247,47,29,2,21,2,13,0,8
1958249,24,11,1989,10,male,260,47,34,2,6,2,6,0,0
1494809,25,1,1988,1,male,49,46,38,2,19,2,7,0,12
1543634,25,7,1988,6,female,1111,46,36,2,4,2,4,0,0
1496870,26,28,1987,2,female,381,47,13,2,3,2,1,0,2
1002030,26,9,1987,9,male,131,46,35,2,7,2,4,0,3
1911548,27,12,1986,6,male,404,47,20,2,10,2,6,0,4
2171329,39,4,1974,3,male,388,47,40,2,7,2,7,0,0
1231396,39,26,1974,8,male,112,46,34,2,13,2,7,0,6
2175134,44,1,1969,7,male,325,47,15,2,38,2,17,0,21
1450612,53,24,1960,11,female,29,47,39,2,7,2,6,0,1
1313450,54,13,1959,1,male,129,47,14,2,11,2,6,0,5
1184569,64,19,1949,11,male,1923,46,9,2,9,2,3,0,6
1451618,18,17,1995,3,male,310,46,35,3,0,0,0,3,0
1676938,25,8,1988,12,male,590,46,11,3,0,0,0,3,0
1403185,43,28,1970,8,female,562,46,38,3,0,0,0,3,0
1303796,47,23,1966,6,male,404,47,22,3,0,0,0,3,0
1091076,50,25,1963,6,male,1840,46,12,3,1,0,1,3,0
1620384,67,9,1946,7,male,860,47,29,3,1,0,1,3,0
1720201,15,16,1998,4,male,488,47,16,3,4,0,0,3,4
1446920,23,18,1990,3,male,483,47,37,3,2,0,0,3,2
2002945,54,16,1959,1,male,1171,47,13,3,2,0,2,3,0
2163001,57,12,1956,11,male,1404,47,20,3,2,0,2,3,0
1245946,67,17,1946,7,female,86,46,36,3,3,0,0,3,3
1525489,69,13,1944,9,male,1191,47,17,3,2,0,1,3,1
2111338,19,13,1994,11,male,98,46,43,3,5,0,2,3,3
1739373,20,5,1993,5,female,164,46,39,3,24,0,3,3,21
1798402,21,1,1992,2,female,192,46,32,3,10,0,2,3,8
1553871,23,20,1990,10,male,173,47,28,3,42,0,4,3,38
1545300,32,28,1981,10,female,264,47,30,3,6,0,3,3,3
1285158,59,19,1954,10,male,421,47,29,3,11,0,0,3,11
1886424,23,12,1990,12,male,500,47,34,3,2,2,1,1,1
2162101,58,6,1955,5,male,1108,47,13,3,2,1,0,2,2
1929983,18,28,1995,1,male,328,47,45,3,0,3,0,0,0
1701416,27,3,1986,2,female,904,46,9,3,0,3,0,0,0
1045378,27,27,1986,3,male,528,47,27,3,0,3,0,0,0
1833727,27,10,1986,5,male,581,46,26,3,0,3,0,0,0
1492354,28,28,1985,2,female,167,46,23,3,0,3,0,0,0
2028412,45,31,1968,5,female,338,47,18,3,0,3,0,0,0
2025129,59,3,1954,8,male,110,46,14,3,0,3,0,0,0
1028152,16,30,1997,7,male,80,46,31,3,1,3,1,0,0
1012657,32,16,1981,3,male,1731,46,18,3,1,3,1,0,0
1517831,54,8,1959,2,male,1951,47,14,3,1,3,1,0,0
1465039,73,9,1940,10,female,1409,47,25,3,1,3,0,0,1
1039509,14,9,1999,9,female,131,47,18,3,4,3,4,0,0
1896261,21,2,1992,4,male,20,47,45,3,4,3,3,0,1
1183702,25,1,1988,1,male,164,46,30,3,4,3,2,0,2
1738595,34,9,1979,8,female,592,47,29,3,2,3,1,0,1
2041725,45,25,1968,4,male,243,46,37,3,2,3,2,0,0
2050916,51,16,1962,7,male,387,46,15,3,3,3,3,0,0
1815701,108,20,1905,3,male,63,47,43,3,4,3,2,0,2
1605740,18,23,1995,10,male,95,47,44,3,51,3,44,0,7
2094560,25,12,1988,10,male,251,46,31,3,5,3,5,0,0
1798210,31,1,1982,1,female,183,47,18,3,6,3,2,0,4
1293678,61,20,1952,6,male,1002,47,38,3,54,3,39,0,15
1709278,87,8,1926,2,male,275,46,26,3,25,3,22,0,3
1505159,14,1,1999,8,male,545,47,27,4,1,0,1,4,0
2022682,16,10,1997,4,male,246,47,29,4,1,0,0,4,1
1955323,34,1,1979,1,male,1181,46,12,4,1,0,0,4,1
1613914,35,15,1978,4,male,443,47,19,4,1,0,1,4,0
1241119,29,8,1984,11,male,595,46,21,4,3,0,3,4,0
1865796,53,1,1960,3,female,986,46,19,4,9,0,1,4,8
1075183,77,9,1936,11,female,1382,46,31,4,6,0,6,4,0
1773376,40,30,1973,1,female,241,47,31,4,0,1,0,3,0
2190878,22,17,1991,2,female,440,47,27,4,15,1,7,3,8
1467249,61,21,1952,7,female,373,46,28,4,0,3,0,1,0
1728367,19,18,1994,9,male,375,47,36,4,9,3,7,1,2
2047785,27,6,1986,5,male,310,46,21,4,16,3,15,1,1
1249633,21,19,1992,7,male,482,46,40,4,0,4,0,0,0
1611581,22,6,1991,6,male,193,46,14,4,0,4,0,0,0
1459860,44,30,1969,6,female,490,46,27,4,0,4,0,0,0
1193219,21,9,1992,1,male,336,47,35,4,2,4,2,0,0
1893211,29,16,1984,3,female,155,46,19,4,1,4,1,0,0
1224802,48,21,1965,6,female,757,47,27,4,1,4,1,0,0
1806980,108,12,1905,12,female,1351,47,24,4,1,4,0,0,1
1458364,14,21,1999,12,male,218,46,21,4,5,4,5,0,0
1146012,13,22,2000,2,female,14,47,46,4,3,4,1,0,2
2086033,20,24,1993,3,male,606,47,19,4,4,4,2,0,2
1935139,25,18,1988,7,female,513,46,30,4,4,4,3,0,1
1501339,33,12,1980,3,male,681,46,35,4,3,4,1,0,2
2056329,49,11,1964,10,male,168,47,38,4,5,4,5,0,0
2154434,50,8,1963,8,male,286,47,18,4,5,4,3,0,2
1846043,22,4,1991,2,female,25,47,8,4,10,4,7,0,3
1362822,27,1,1986,1,male,637,47,38,4,18,4,10,0,8
1356247,30,15,1983,7,female,46,47,35,4,7,4,0,0,7
1266993,35,14,1978,4,male,381,46,21,4,16,4,16,0,0
1137719,44,29,1969,8,male,1069,47,34,4,13,4,11,0,2
2134559,52,6,1961,12,female,557,47,15,4,51,4,26,0,25
1735968,18,26,1995,1,male,563,46,28,5,0,0,0,5,0
1004676,60,23,1953,11,female,1629,46,11,5,0,0,0,5,0
1475438,33,12,1980,12,male,528,46,26,5,1,0,0,5,1
1685701,49,15,1964,12,male,470,46,28,5,1,0,1,5,0
1236130,29,19,1984,6,female,344,46,28,5,37,0,3,5,34
1489082,65,31,1948,8,female,1066,47,27,5,10,0,6,5,4
1813024,73,23,1940,4,female,1708,46,12,5,17,0,6,5,11
2180572,55,8,1958,7,male,1272,46,16,5,0,2,0,3,0
1009869,14,29,1999,12,male,117,46,39,5,1,1,0,4,1
1169269,63,30,1950,12,male,431,46,37,5,4,3,2,2,2
1916894,30,24,1983,6,female,783,46,24,5,3,4,1,1,2
2154815,14,4,1999,3,male,308,46,25,5,0,5,0,0,0
1404911,30,28,1983,2,male,660,46,41,5,0,5,0,0,0
1381462,33,9,1980,12,male,128,47,42,5,0,5,0,0,0
1159405,36,14,1977,2,male,197,47,29,5,0,5,0,0,0
1947799,42,2,1971,2,female,107,47,32,5,0,5,0,0,0
1623429,47,11,1966,9,female,260,46,29,5,0,5,0,0,0
1727047,19,21,1994,4,male,603,46,26,5,3,5,1,0,2
1564997,16,21,1997,4,female,452,47,23,5,5,5,1,0,4
1812368,23,9,1990,5,male,344,46,40,5,4,5,3,0,1
1379174,23,14,1990,6,male,160,46,12,5,6,5,5,0,1
1305406,108,22,1905,9,male,1068,46,24,5,5,5,5,0,0
1425230,20,13,1993,4,female,394,46,35,5,18,5,10,0,8
1114743,26,27,1987,7,female,321,46,33,5,25,5,22,0,3
1155993,32,10,1981,3,male,156,46,27,5,59,5,54,0,5
1018662,46,25,1967,11,female,273,46,18,5,18,5,8,0,10
1042096,61,7,1952,9,female,1151,46,20,5,44,5,30,0,14
1853637,69,8,1944,11,female,1051,46,29,6,0,0,0,6,0
1745787,79,17,1934,2,female,1403,46,24,6,0,0,0,6,0
1544726,16,7,1997,6,male,549,46,26,6,1,0,1,6,0
1173723,17,3,1996,8,male,256,46,42,6,3,1,2,5,1
1730342,48,15,1965,2,male,529,47,22,6,1,0,0,6,1
1179744,77,24,1936,12,male,1713,47,13,6,1,1,1,5,0
1379343,79,29,1934,8,female,1832,47,17,6,1,0,0,6,1
1421112,67,8,1946,9,male,1811,46,33,6,4,0,1,6,3
1986944,31,1,1982,1,female,404,46,24,6,26,0,6,6,20
1125897,56,4,1957,5,female,649,47,26,6,10,0,3,6,7
1438941,49,21,1964,8,female,1493,46,28,6,2,4,2,2,0
2123060,22,11,1991,11,male,17,46,44,6,4,4,3,2,1
1979726,47,25,1966,1,male,254,47,32,6,8,3,5,3,3
1241051,49,18,1964,7,female,391,46,28,6,0,5,0,1,0
1130135,17,2,1996,2,female,275,46,19,6,0,6,0,0,0
1627139,23,6,1990,1,male,607,47,31,6,0,6,0,0,0
1348760,29,11,1984,9,female,287,46,41,6,0,6,0,0,0
2164733,35,24,1978,6,male,374,46,42,6,0,6,0,0,0
1337509,23,8,1990,6,male,505,47,22,6,2,6,2,0,0
1248967,23,14,1990,2,female,284,47,32,6,6,6,6,0,0
1441697,67,27,1946,7,male,296,46,35,6,5,6,5,0,0
1653265,16,27,1997,2,female,11,47,40,6,9,6,9,0,0
1583008,17,12,1996,2,male,278,46,37,6,17,6,15,0,2
1430083,18,25,1995,5,female,40,46,17,6,14,6,11,0,3
1817728,23,1,1990,1,male,133,46,30,6,11,6,9,0,2
1678061,25,21,1988,7,male,69,46,25,6,9,6,2,0,7
1170311,32,30,1981,6,male,44,47,41,6,54,6,17,0,37
1189683,45,22,1968,5,female,365,46,28,6,10,6,8,0,2
1406006,69,24,1944,7,female,667,46,21,6,11,6,10,0,1
1637664,18,2,1995,6,male,124,47,24,7,8,0,0,7,8
1102940,49,24,1964,6,female,264,47,37,7,5,0,3,7,2
2191341,58,21,1955,10,female,286,46,13,7,9,1,8,6,1
1197697,69,31,1944,3,male,823,46,36,7,7,0,0,7,7
1445162,31,24,1982,7,male,514,47,12,7,20,1,6,6,14
2152357,49,7,1964,5,male,484,47,23,7,22,0,8,7,14
1261986,22,18,1991,7,male,626,47,34,7,1,7,1,0,0
1952358,24,17,1989,12,male,161,46,35,7,1,7,1,0,0
1169175,39,23,1974,7,male,145,47,44,7,0,7,0,0,0
1226170,71,2,1942,9,male,556,46,41,7,0,7,0,0,0
1148220,93,10,1920,9,female,129,47,33,7,5,7,3,0,2
2017580,16,11,1997,1,female,213,46,20,7,13,7,13,0,0
2055217,23,6,1990,5,female,111,47,34,7,72,7,60,0,12
2160571,23,4,1990,10,male,215,46,32,7,20,7,15,0,5
1952773,26,1,1987,1,female,210,47,28,7,15,7,12,0,3
1099094,37,2,1976,12,male,441,47,43,7,23,7,5,0,18
1663097,47,15,1966,1,male,310,46,15,7,28,7,10,0,18
1955769,28,23,1985,5,female,211,46,42,8,2,1,0,7,2
1250228,105,29,1908,2,female,1658,46,30,8,7,0,5,8,2
1287400,108,23,1905,1,male,109,47,32,8,9,1,4,7,5
1356121,84,19,1929,4,female,1770,47,18,8,0,7,0,1,0
1268837,35,1,1978,1,female,239,47,36,8,4,7,3,1,1
1528066,103,21,1910,10,male,154,46,35,8,7,6,6,2,1
1104232,28,2,1985,7,male,201,46,26,8,1,8,0,0,1
1431122,35,10,1978,1,male,73,46,42,8,0,8,0,0,0
1416691,26,2,1987,1,male,262,46,26,8,4,8,4,0,0
1330910,32,4,1981,4,male,574,47,41,8,3,8,0,0,3
1284423,64,1,1949,10,male,1529,47,25,8,3,8,1,0,2
2000263,24,18,1989,11,female,186,47,22,8,6,8,4,0,2
1841252,36,19,1977,4,female,51,47,45,8,5,8,5,0,0
1135277,76,20,1937,2,female,677,46,16,8,6,8,4,0,2
2140909,17,24,1996,7,male,125,46,36,8,17,8,14,0,3
1578080,29,21,1984,8,male,1575,46,29,8,25,8,19,0,6
1953938,39,15,1974,9,female,204,46,22,8,18,8,16,0,2
1736263,51,11,1962,12,female,2233,46,37,8,12,8,11,0,1
2036076,58,2,1955,12,male,93,47,37,8,19,8,9,0,10
2174472,52,13,1961,5,female,1384,47,16,9,1,0,1,9,0
1204124,52,27,1961,4,male,222,46,31,9,3,0,0,9,3
2187846,45,28,1968,1,male,336,46,33,9,10,0,5,9,5
1789782,51,1,1962,6,female,736,47,15,9,6,0,0,9,6
1662857,22,14,1991,10,male,356,47,9,9,49,0,26,9,23
1180435,22,22,1991,10,male,19,47,46,9,77,0,62,9,15
1047153,67,6,1946,6,female,376,46,43,9,18,1,2,8,16
1323503,26,1,1987,1,male,43,47,42,9,6,2,6,7,0
1456439,26,3,1987,6,male,929,46,24,9,86,6,76,3,10
1873321,40,2,1973,1,female,365,46,9,9,30,3,7,6,23
1690875,18,8,1995,8,male,455,46,38,9,1,7,1,2,0
1478279,32,7,1981,8,male,318,47,29,9,0,9,0,0,0
1333343,16,5,1997,5,male,178,46,37,9,3,9,3,0,0
1493162,23,24,1990,8,male,29,46,26,9,13,9,13,0,0
1793601,39,12,1974,12,male,286,47,21,9,48,9,24,0,24
1895747,15,7,1998,7,male,27,47,15,10,9,0,3,10,6
1637120,28,30,1985,1,female,401,46,37,10,14,0,7,10,7
1543031,66,26,1947,10,female,839,46,38,10,11,0,4,10,7
1782546,23,26,1990,4,male,303,47,28,10,0,9,0,1,0
1181645,20,21,1993,4,female,416,47,18,10,17,9,12,1,5
1773711,39,19,1974,10,male,557,47,23,10,30,8,20,2,10
1441370,20,13,1993,12,male,851,46,26,10,0,10,0,0,0
1162956,14,27,1999,12,male,11,46,18,10,4,10,3,0,1
1564398,19,28,1994,2,female,26,46,18,10,6,10,5,0,1
2023350,41,25,1972,10,male,628,46,24,10,3,10,2,0,1
1085450,31,30,1982,10,female,525,47,20,10,9,10,9,0,0
1569604,32,7,1981,7,female,195,47,35,10,7,10,7,0,0
1442412,39,2,1974,1,male,410,46,22,10,9,10,9,0,0
1800939,15,9,1998,6,male,370,46,33,10,20,10,18,0,2
1658477,18,16,1995,3,female,28,46,1,10,30,10,14,0,16
2001107,27,11,1986,11,female,241,46,39,10,35,10,26,0,9
1787998,26,3,1987,7,male,272,46,33,10,25,10,14,0,11
1901758,33,7,1980,10,female,45,47,42,10,20,10,8,0,12
1587714,43,1,1970,4,male,214,46,22,10,16,10,10,0,6
1227707,68,9,1945,11,male,614,46,30,11,1,0,0,11,1
1376607,13,7,2000,1,male,247,47,27,11,3,1,3,10,0
1900289,58,9,1955,1,female,1288,47,18,11,5,0,1,11,4
1287073,95,1,1918,1,female,1651,47,14,11,5,0,2,11,3
1194234,50,20,1963,7,male,416,47,38,11,40,1,14,10,26
1780507,64,16,1949,1,male,1592,47,35,11,0,4,0,7,0
1666099,32,17,1981,6,male,477,46,27,11,9,8,4,3,5
1750827,20,22,1993,10,female,53,47,36,11,54,10,25,1,29
1082562,58,12,1955,3,male,1267,46,15,11,84,9,40,2,44
1129732,22,15,1991,8,male,104,47,38,11,1,11,1,0,0
1223686,25,1,1988,3,male,110,47,17,11,2,11,1,0,1
1654035,52,23,1961,10,male,1801,46,22,11,2,11,2,0,0
1813202,44,19,1969,5,male,289,46,20,11,12,11,12,0,0
1592699,14,6,1999,5,female,276,46,36,11,40,11,26,0,14
2174440,25,1,1988,1,male,238,46,28,11,22,11,5,0,17
2039793,57,4,1956,8,female,226,47,11,12,3,0,0,12,3
1541478,41,30,1972,7,male,111,46,26,12,0,12,0,0,0
1483507,20,13,1993,9,female,69,46,22,12,2,12,2,0,0
2192702,24,27,1989,5,male,231,46,31,12,3,12,3,0,0
1204385,28,9,1985,5,female,744,47,33,12,7,12,5,0,2
1745251,67,9,1946,12,male,300,46,34,12,6,12,6,0,0
1596803,25,26,1988,4,female,189,47,41,12,9,12,8,0,1
1683735,56,13,1957,9,male,394,46,27,12,13,12,9,0,4
1068310,47,18,1966,11,female,642,47,32,12,29,12,13,0,16
2029728,23,23,1990,2,male,404,46,41,13,3,9,2,4,1
1687361,17,10,1996,2,male,3,47,45,13,16,8,12,5,4
1435572,26,26,1987,11,male,333,46,26,13,20,7,17,6,3
1686006,18,10,1995,7,male,185,47,32,13,1,13,1,0,0
1999409,21,21,1992,8,male,71,46,32,13,0,13,0,0,0
2175862,33,29,1980,1,male,200,47,22,13,2,13,1,0,1
1067151,13,9,2000,7,female,507,46,13,14,0,0,0,14,0
1424828,49,25,1964,9,female,266,46,25,14,0,2,0,12,0
1572908,21,23,1992,10,male,160,46,40,14,11,5,2,9,9
1032002,31,6,1982,8,male,1031,46,22,14,0,13,0,1,0
1370336,15,8,1998,2,male,261,47,26,14,39,13,5,1,34
1474808,17,26,1996,2,male,368,46,1,14,0,14,0,0,0
1202839,62,8,1951,12,male,217,47,29,14,1,14,1,0,0
1747529,21,25,1992,9,male,202,46,29,14,19,14,13,0,6
1199176,46,3,1967,8,male,652,47,34,14,18,14,9,0,9
1276474,19,4,1994,4,male,189,47,45,15,0,0,0,15,0
1715873,29,26,1984,9,male,394,47,37,15,8,3,0,12,8
1098737,61,5,1952,5,male,1427,47,20,15,3,9,2,6,1
1447175,42,16,1971,8,female,1666,46,19,15,7,14,7,1,0
1227863,66,26,1947,1,female,1798,46,7,15,11,12,3,3,8
1872459,51,1,1962,2,male,1020,47,19,15,146,14,141,1,5
2061439,68,11,1945,12,male,166,47,35,15,5,15,5,0,0
1407923,93,5,1920,1,female,2271,46,25,15,7,15,4,0,3
1431142,42,16,1971,10,male,89,46,37,15,11,15,11,0,0
1869097,15,1,1998,2,male,499,46,32,16,4,0,2,16,2
1563615,16,25,1997,4,female,178,46,24,16,3,0,1,16,2
1636598,73,3,1940,8,female,1133,46,23,16,5,0,2,16,3
1265702,23,27,1990,3,male,122,47,37,16,18,1,6,15,12
1249296,47,21,1966,12,male,628,46,35,16,15,0,1,16,14
2062478,73,7,1940,2,female,1833,47,21,16,21,0,0,16,21
1966920,23,30,1990,1,female,260,46,21,16,66,11,35,5,31
1606614,71,2,1942,8,female,1255,47,12,16,58,7,28,9,30
2106393,55,5,1958,11,female,498,47,32,16,15,15,6,1,9
1650024,66,21,1947,7,female,1790,46,18,16,11,16,7,0,4
2190965,23,11,1990,6,female,198,46,14,16,37,16,36,0,1
1189794,39,23,1974,3,male,696,47,42,16,56,16,21,0,35
1822200,19,17,1994,2,male,19,46,44,17,9,2,3,15,6
1061808,62,29,1951,12,female,1954,46,26,17,17,0,4,17,13
1957741,63,20,1950,6,male,1147,47,28,17,17,0,10,17,7
1454780,20,2,1993,12,male,647,47,3,17,0,17,0,0,0
1700111,26,1,1987,1,male,511,47,43,17,3,17,2,0,1
2178736,29,27,1984,10,male,1509,46,35,17,5,17,5,0,0
2125180,101,5,1912,11,male,781,46,32,17,4,17,3,0,1
1648948,65,4,1948,7,male,950,46,29,17,17,17,13,0,4
1889435,28,9,1985,9,female,309,47,38,17,116,17,45,0,71
1569683,59,29,1954,11,female,1177,46,22,18,6,0,6,18,0
1127274,61,19,1952,3,female,216,47,34,18,14,0,1,18,13
1910199,48,15,1965,9,female,371,47,29,18,1,17,0,1,1
1734165,19,12,1994,9,female,345,46,19,18,0,18,0,0,0
1766226,24,1,1989,1,male,277,47,34,18,5,18,5,0,0
1306917,31,9,1982,4,male,92,47,23,18,10,18,7,0,3
1181704,72,23,1941,2,female,1281,47,26,18,10,18,9,0,1
1861829,25,1,1988,9,female,51,46,40,18,16,18,16,0,0
1482243,44,28,1969,6,male,46,47,39,18,20,18,17,0,3
1891159,15,11,1998,5,female,225,47,20,18,57,18,32,0,25
1109950,27,20,1986,10,male,76,47,26,18,31,18,20,0,11
2108018,22,7,1991,8,male,54,47,40,19,19,3,13,16,6
1267122,40,18,1973,12,male,116,47,26,19,1,10,0,9,1
1457100,30,25,1983,11,male,573,46,34,19,23,9,15,10,8
1038334,32,20,1981,2,female,657,46,35,19,15,11,10,8,5
1828754,22,1,1991,1,female,480,47,26,19,85,6,39,13,46
1437339,42,6,1971,7,male,482,46,16,19,1,19,1,0,0
2048889,14,18,1999,3,female,665,47,30,19,6,19,3,0,3
2033840,22,15,1991,5,female,184,46,33,19,14,19,13,0,1
1492263,30,17,1983,4,male,952,46,27,19,62,19,58,0,4
1711319,55,30,1958,5,male,1576,46,26,20,11,3,9,17,2
1230000,23,31,1990,8,male,268,47,44,20,11,7,7,13,4
2166398,39,31,1974,7,male,621,46,29,20,18,19,14,1,4
1690201,55,6,1958,2,female,1325,46,18,20,3,20,1,0,2
2005787,31,6,1982,6,male,70,47,40,21,0,21,0,0,0
1219349,24,31,1989,1,male,429,47,42,21,4,21,4,0,0
1390022,29,2,1984,8,female,308,47,23,21,19,21,18,0,1
1469106,61,5,1952,1,male,275,46,25,21,26,21,20,0,6
1035306,23,6,1990,8,male,544,46,22,22,1,3,0,19,1
1414024,42,5,1971,12,male,481,47,30,22,0,0,0,22,0
1863696,15,10,1998,12,male,181,47,17,22,1,15,0,7,1
1542254,22,1,1991,2,female,154,46,19,22,20,11,9,11,11
1434656,16,16,1997,6,male,239,47,43,22,2,22,0,0,2
1370027,26,13,1987,3,male,337,47,21,22,3,22,2,0,1
1772926,59,2,1954,9,male,176,46,37,22,1,22,1,0,0
1464690,26,1,1987,1,male,135,46,32,22,13,22,7,0,6
2174153,45,19,1968,6,female,545,46,30,22,4,22,2,0,2
1914731,20,22,1993,4,male,149,47,33,22,72,22,24,0,48
1492323,27,11,1986,8,female,108,46,34,22,34,22,24,0,10
1887825,43,27,1970,2,female,693,46,31,23,44,21,36,2,8
2034457,33,8,1980,7,female,175,46,22,23,1,23,1,0,0
1559996,48,13,1965,1,male,722,46,17,23,8,23,6,0,2
2051840,31,12,1982,1,male,176,47,10,23,21,23,16,0,5
1933236,51,16,1962,3,male,23,47,33,23,43,23,26,0,17
1757188,15,18,1998,10,female,74,47,28,24,12,3,4,21,8
1890297,16,9,1997,5,male,448,47,15,24,3,24,3,0,0
2018756,25,2,1988,1,male,244,47,22,24,0,24,0,0,0
1614719,33,12,1980,11,male,520,46,36,24,7,24,4,0,3
1948482,16,5,1997,5,female,15,47,33,24,16,24,11,0,5
2040610,46,9,1967,3,male,346,46,34,25,21,0,2,25,19
1461400,51,14,1962,10,male,405,47,39,25,55,25,40,0,15
1932983,73,13,1940,8,female,447,46,25,26,1,0,0,26,1
2155922,113,26,1900,4,female,1230,46,26,26,6,0,3,26,3
2005821,14,26,1999,10,male,56,46,15,26,1,15,0,11,1
1227455,26,21,1987,5,male,189,47,23,26,24,26,19,0,5
1665788,103,14,1910,10,male,606,47,33,26,38,26,37,0,1
1390270,31,12,1982,4,female,425,47,23,26,39,26,33,0,6
1480797,23,11,1990,3,male,345,46,39,27,2,0,1,27,1
1553494,36,14,1977,7,male,194,47,39,27,40,0,6,27,34
2120791,70,30,1943,8,female,1208,47,29,27,4,14,1,13,3
2060461,19,28,1994,9,female,399,46,31,27,80,10,40,17,40
1720273,33,1,1980,1,male,325,47,33,27,26,24,12,3,14
1481923,57,6,1956,1,female,264,47,38,27,281,27,66,0,215
2134453,17,5,1996,5,male,52,47,42,28,1,0,0,28,1
1482299,24,28,1989,11,female,222,47,8,28,8,12,4,16,4
2171439,23,18,1990,9,male,521,47,32,28,15,28,6,0,9
1685283,35,5,1978,12,male,191,46,40,28,8,28,7,0,1
1586529,66,19,1947,2,female,1657,46,12,29,34,0,6,29,28
1225868,25,26,1988,2,female,319,46,29,29,0,29,0,0,0
1911743,15,15,1998,4,female,283,47,12,29,7,29,6,0,1
1579567,15,2,1998,7,female,31,46,35,29,17,29,14,0,3
2051942,64,27,1949,6,female,2106,46,12,30,17,2,10,28,7
1798422,19,22,1994,5,male,216,46,40,31,5,31,3,0,2
1989689,60,2,1953,3,female,1221,47,18,30,3,30,3,0,0
1057564,25,10,1988,9,female,211,46,35,31,13,31,8,0,5
1213816,34,27,1979,10,male,636,47,18,30,10,30,10,0,0
1297076,67,12,1946,9,male,572,47,37,31,14,31,13,0,1
1085759,26,17,1987,2,female,430,46,18,30,60,30,21,0,39
1425932,92,20,1921,10,male,394,46,28,32,6,11,1,21,5
1882853,27,14,1986,5,male,234,47,30,32,5,31,1,1,4
2145482,62,14,1951,2,male,992,47,27,32,5,32,4,0,1
1586037,30,1,1983,1,male,793,46,20,32,8,32,5,0,3
1638584,24,26,1989,12,female,92,46,25,32,37,32,13,0,24
1316685,18,31,1995,1,female,48,46,26,33,72,9,33,24,39
1235336,33,6,1980,3,male,316,46,17,33,19,27,16,6,3
1536835,38,1,1975,1,male,242,47,38,33,6,33,6,0,0
1521456,40,11,1973,9,male,24,47,47,33,9,33,5,0,4
2095042,47,20,1966,10,male,175,47,37,33,6,33,6,0,0
2171909,47,17,1966,6,male,460,47,21,33,24,33,12,0,12
1066632,41,17,1972,5,female,432,47,25,34,2,32,2,2,0
1506811,51,16,1962,4,female,2046,46,29,34,9,33,5,1,4
2032432,16,31,1997,12,male,343,46,34,34,0,34,0,0,0
2153484,51,14,1962,10,female,141,47,41,34,26,34,21,0,5
1378687,72,7,1941,2,female,2194,47,25,35,2,5,1,30,1
1824615,29,27,1984,1,male,365,46,28,36,7,0,5,36,2
2110750,63,23,1950,9,male,333,47,40,36,1,9,1,27,0
2059781,17,24,1996,5,male,321,47,44,35,7,33,5,2,2
1718791,20,2,1993,3,male,191,46,27,36,0,36,0,0,0
1538530,19,9,1994,3,female,311,46,30,35,15,35,13,0,2
2091725,21,11,1992,2,female,452,46,32,36,7,36,6,0,1
2131056,26,26,1987,4,male,261,46,42,35,10,35,9,0,1
1212378,26,7,1987,9,male,221,47,19,36,12,36,12,0,0
1030486,47,8,1966,2,NA,219,46,29,35,9,35,9,0,0
1730897,40,20,1973,5,female,202,47,19,36,125,36,119,0,6
1935599,66,7,1947,4,female,1988,47,8,37,8,35,5,2,3
2006104,32,15,1981,5,female,493,47,20,37,7,37,6,0,1
1950945,50,26,1963,6,male,1309,46,38,37,9,37,9,0,0
1700443,68,19,1945,1,female,968,46,28,38,4,2,3,36,1
1416615,26,6,1987,3,female,177,46,40,38,15,36,11,2,4
1100753,23,4,1990,4,male,174,47,24,38,98,29,30,9,68
1524258,33,19,1980,5,female,607,46,26,39,2,39,2,0,0
2179828,59,12,1954,11,male,1626,46,11,38,4,38,3,0,1
1549421,48,14,1965,2,male,55,47,46,38,17,38,7,0,10
1564377,100,27,1913,7,female,2168,46,16,40,43,40,18,0,25
1466295,23,18,1990,3,male,239,46,34,41,0,0,0,41,0
1284652,53,19,1960,5,female,129,46,40,42,160,0,70,42,90
2013928,38,6,1975,12,female,372,47,35,41,11,27,2,14,9
1712161,23,14,1990,6,male,227,47,26,41,34,12,25,29,9
1436710,31,30,1982,9,female,268,46,32,42,41,23,27,19,14
1238394,48,4,1965,9,male,887,47,23,41,118,13,96,28,22
1103791,16,9,1997,12,female,637,46,18,42,3,42,3,0,0
1414032,67,17,1946,3,female,1357,46,19,43,46,0,23,43,23
1246506,62,18,1951,5,female,103,46,44,43,16,37,3,6,13
1117645,17,14,1996,3,male,10,47,47,43,11,43,10,0,1
2090283,28,1,1985,2,male,118,46,24,44,13,44,7,0,6
1193440,57,3,1956,9,male,918,46,41,44,12,44,8,0,4
1072135,58,13,1955,7,female,541,47,24,45,62,15,18,30,44
1456586,60,9,1953,2,male,1514,46,7,45,19,44,6,1,13
1454827,16,5,1997,3,male,365,47,31,47,2,0,1,47,1
1624176,71,7,1942,7,female,332,47,33,47,15,0,5,47,10
1674997,23,12,1990,10,female,73,47,45,47,9,47,2,0,7
2114339,74,26,1939,11,NA,1949,46,29,46,23,46,21,0,2
1396617,20,8,1993,4,male,146,47,45,47,57,47,27,0,30
1098833,62,9,1951,2,male,657,47,15,49,27,0,15,49,12
2003804,71,21,1942,7,female,972,47,30,49,6,34,4,15,2
2125050,20,5,1993,2,male,479,47,34,48,4,45,3,3,1
1988119,24,16,1989,9,female,335,46,14,49,50,48,27,1,23
1340688,29,18,1984,4,female,214,46,32,49,12,49,10,0,2
1618965,34,14,1979,10,female,212,47,16,48,12,48,8,0,4
2074429,27,23,1986,10,female,313,47,46,49,88,49,54,0,34
2157248,54,1,1959,10,female,397,47,28,49,138,49,104,0,34
1877555,32,31,1981,10,male,83,47,44,50,0,10,0,40,0
1553786,26,23,1987,10,female,779,46,27,50,14,50,10,0,4
1558782,74,3,1939,3,female,1607,46,16,51,16,51,10,0,6
2069348,27,30,1986,9,female,549,46,27,50,124,50,30,0,94
1714645,43,10,1970,9,female,294,46,21,53,27,3,7,50,20
1743776,56,11,1957,6,female,1601,46,28,52,25,8,11,44,14
1773840,41,1,1972,12,male,355,46,14,52,26,31,17,21,9
1836939,64,14,1949,1,female,1519,46,35,52,31,49,23,3,8
2186364,49,22,1964,6,female,348,47,35,52,164,38,76,14,88
1253039,62,21,1951,9,male,884,47,16,55,12,7,3,48,9
2119903,47,12,1966,7,female,773,47,21,54,46,53,34,1,12
1892205,74,5,1939,4,female,826,46,30,55,9,55,5,0,4
1474574,26,2,1987,2,female,101,46,41,54,1070,54,584,0,486
1802826,63,12,1950,1,male,492,46,35,58,27,0,1,58,26
1078410,16,14,1997,11,male,854,47,21,58,18,26,15,32,3
1620487,62,15,1951,8,female,1765,47,31,58,21,57,11,1,10
1665745,58,23,1955,9,male,1314,47,31,58,83,55,60,3,23
2132453,59,9,1954,2,male,1052,46,21,56,76,50,58,6,18
1669035,27,20,1986,6,female,361,47,27,57,10,57,10,0,0
1374650,27,1,1986,6,male,232,46,9,56,18,56,15,0,3
1080855,31,11,1982,11,male,206,46,45,56,45,56,39,0,6
1450992,32,22,1981,9,female,504,46,30,57,106,57,46,0,60
1536216,71,16,1942,4,male,824,46,36,59,16,0,5,59,11
2088675,24,15,1989,10,male,283,47,41,60,32,60,28,0,4
2154907,32,17,1981,4,female,721,47,18,59,12,59,12,0,0
1385577,33,24,1980,4,female,252,47,36,59,49,59,44,0,5
1364823,62,5,1951,6,female,619,46,27,59,42,59,25,0,17
2052105,59,25,1954,12,female,563,47,26,61,13,4,10,57,3
1400380,27,12,1986,9,female,71,46,26,63,37,36,29,27,8
1704524,21,2,1992,4,male,234,47,38,62,34,62,9,0,25
1154220,29,1,1984,1,male,299,47,23,61,20,61,18,0,2
1634578,33,27,1980,10,male,317,46,23,61,20,61,18,0,2
1513554,51,7,1962,10,female,171,47,38,63,12,63,8,0,4
1297893,39,23,1974,3,male,305,47,17,61,42,61,32,0,10
1117558,18,4,1995,1,female,429,46,28,65,76,11,24,54,52
1076907,59,7,1954,10,female,417,47,43,66,20,0,15,66,5
1036031,60,13,1953,10,female,587,46,29,66,25,0,16,66,9
1534561,54,27,1959,8,female,540,46,25,66,92,0,66,66,26
1935042,29,29,1984,4,female,300,46,19,67,7,67,7,0,0
1583534,29,11,1984,4,male,227,46,11,68,1,68,1,0,0
2178705,42,30,1971,6,female,236,46,27,66,37,66,26,0,11
1973193,23,22,1990,7,female,409,47,35,66,50,66,32,0,18
2064099,23,11,1990,11,female,53,46,40,69,129,0,21,69,108
1485367,21,15,1992,1,male,270,46,29,69,7,23,6,46,1
1275352,52,8,1961,1,male,939,46,26,70,40,59,25,11,15
1632349,31,17,1982,8,female,709,46,28,70,1,70,1,0,0
1747504,28,7,1985,6,male,484,47,28,71,43,71,34,0,9
1629829,21,24,1992,4,female,382,46,27,71,217,71,69,0,148
1881393,26,28,1987,10,male,431,46,24,74,43,68,31,6,12
1515922,73,27,1940,12,male,1341,46,32,73,11,73,6,0,5
1109103,16,6,1997,6,male,19,46,40,73,29,73,29,0,0
2151505,39,21,1974,10,female,112,46,36,77,47,3,26,74,21
1115466,57,10,1956,9,female,2135,47,14,75,19,47,14,28,5
1286271,65,4,1948,10,female,1240,46,19,77,39,40,32,37,7
1554581,20,11,1993,11,male,814,46,33,77,80,45,40,32,40
1630673,21,2,1992,1,male,320,47,41,77,0,77,0,0,0
1721006,35,17,1978,10,male,268,47,39,77,5,77,5,0,0
2168798,59,22,1954,2,male,51,46,43,75,9,75,8,0,1
1730035,40,4,1973,3,female,673,46,33,76,43,76,33,0,10
1401759,18,30,1995,4,female,107,46,27,80,30,79,20,1,10
1266154,28,10,1985,1,male,301,46,31,79,113,70,52,9,61
1109083,53,19,1960,12,female,765,46,30,80,63,65,33,15,30
1907335,30,23,1983,11,female,1565,46,18,79,216,60,176,19,40
2156896,26,5,1987,4,female,294,46,23,80,31,80,6,0,25
1931798,29,15,1984,1,female,200,47,27,79,58,79,36,0,22
1876564,71,6,1942,3,female,368,46,40,81,8,0,5,81,3
1076554,56,10,1957,7,male,856,47,23,81,30,0,12,81,18
1951625,64,13,1949,9,female,596,46,38,81,50,0,25,81,25
1262013,18,25,1995,11,male,43,46,23,83,34,82,23,1,11
1403391,68,4,1945,3,female,2268,46,33,84,26,79,22,5,4
1934238,108,15,1905,4,male,1146,47,31,83,15,70,10,13,5
2114430,16,19,1997,9,female,103,46,33,81,101,78,81,3,20
1680548,35,7,1978,8,male,258,46,39,81,11,81,9,0,2
1136131,34,8,1979,9,female,582,46,27,83,135,83,134,0,1
1371058,65,22,1948,12,female,501,46,15,87,20,61,15,26,5
1496479,68,2,1945,8,male,112,47,16,85,11,85,10,0,1
2035619,22,1,1991,1,female,282,46,35,87,45,87,24,0,21
1098912,37,21,1976,5,male,145,47,26,85,133,85,87,0,46
2005288,25,18,1988,7,female,394,46,18,91,67,0,7,91,60
1041221,65,4,1948,10,female,481,46,17,88,86,6,57,82,29
1819022,49,7,1964,8,male,201,46,32,88,34,54,28,34,6
1572540,45,24,1968,7,female,484,46,10,90,68,64,46,26,22
1230878,53,21,1960,9,female,914,47,27,90,173,49,92,41,81
1089742,27,25,1986,4,female,688,46,31,89,28,83,20,6,8
1774104,55,19,1958,9,female,1450,46,31,89,48,81,26,8,22
1035817,33,28,1980,12,female,16,46,20,90,106,82,67,8,39
1342734,46,1,1967,6,male,639,47,8,91,42,91,31,0,11
1978639,23,17,1990,1,female,381,46,28,88,84,88,59,0,25
1968426,58,10,1955,10,female,339,47,31,89,199,89,132,0,67
1207625,61,22,1952,4,female,341,46,21,94,13,0,5,94,8
1740533,26,4,1987,10,female,547,46,16,94,51,86,18,8,33
1340018,27,25,1986,10,female,390,47,34,93,21,68,11,25,10
1326824,57,1,1956,11,female,100,46,38,94,11,94,7,0,4
1330065,45,7,1968,6,male,89,46,29,97,5,0,1,97,4
1417235,17,13,1996,5,female,410,46,40,96,43,0,4,96,39
1857707,83,14,1930,4,female,602,46,15,96,25,2,5,94,20
1134415,38,13,1975,5,male,328,46,31,98,111,10,46,88,65
1250367,38,28,1975,5,female,141,46,35,97,5,97,5,0,0
1756352,57,28,1956,2,female,2124,46,10,97,7,97,4,0,3
2140929,38,25,1975,6,female,78,46,21,97,48,97,40,0,8
2014774,42,3,1971,3,male,373,47,24,97,61,97,56,0,5
2077210,26,5,1987,5,male,154,46,41,97,147,97,128,0,19
2145295,16,9,1997,12,male,282,46,34,104,0,104,0,0,0
1938356,51,10,1962,10,male,43,47,36,103,1,103,1,0,0
2187681,45,10,1968,3,male,23,46,45,109,56,6,8,103,48
1377523,26,14,1987,11,female,341,47,42,105,11,93,9,12,2
1917343,18,2,1995,1,male,225,47,41,105,31,101,25,4,6
2144699,17,16,1996,10,female,51,46,36,108,14,108,14,0,0
1298120,44,3,1969,3,male,314,46,25,106,60,106,45,0,15
2080924,25,16,1988,6,female,208,47,12,108,91,108,55,0,36
1779286,21,30,1992,8,female,232,46,43,112,13,112,4,0,9
2070768,42,29,1971,6,female,406,46,34,112,5,112,4,0,1
2078963,23,12,1990,8,male,190,47,22,110,51,110,45,0,6
1389050,35,17,1978,2,male,466,47,41,118,31,75,8,43,23
1806634,29,1,1984,12,male,368,46,24,119,5,119,4,0,1
2188272,65,24,1948,10,female,489,46,32,118,53,118,41,0,12
1730085,28,6,1985,3,female,95,46,40,118,128,118,82,0,46
1074821,40,5,1973,5,female,212,46,38,118,78,118,67,0,11
2081666,54,26,1959,10,male,550,46,14,119,306,119,243,0,63
1088439,73,14,1940,4,male,501,46,39,124,57,0,41,124,16
1025074,23,18,1990,8,female,215,46,28,120,24,120,23,0,1
1877253,36,2,1977,9,male,280,47,31,121,21,121,3,0,18
1776570,33,19,1980,6,male,482,47,26,126,128,0,104,126,24
2105379,72,15,1941,10,female,554,47,33,129,93,4,47,125,46
1000013,61,26,1952,10,female,1856,47,28,128,55,128,31,0,24
1795301,53,19,1960,1,female,506,46,24,133,37,0,17,133,20
1417474,67,28,1946,9,female,174,47,36,133,96,0,32,133,64
1928818,19,3,1994,7,male,232,47,35,135,148,126,80,9,68
1846324,25,31,1988,12,male,179,47,30,135,1,135,1,0,0
1499187,107,4,1906,3,male,238,46,45,136,5,136,4,0,1
1006846,27,18,1986,10,female,88,46,28,132,76,132,59,0,17
1900680,48,24,1965,6,female,445,47,23,136,159,136,115,0,44
2043003,27,23,1986,2,female,106,46,38,140,32,28,16,112,16
